codigo_familia,mes,ano,descricaofamilia,valor_monetario_total
0,1,2022,Ebooks,19231.18
0,1,2023,Ebooks,21907.41
0,1,2024,Ebooks,19042.83
0,2,2021,Ebooks,7138.53
0,2,2022,Ebooks,15422.08
0,2,2023,Ebooks,19114.53
0,3,2021,Ebooks,6485.23
0,3,2022,Ebooks,17969.1
0,3,2023,Ebooks,24354.5
0,4,2021,Ebooks,9825.3
0,4,2022,Ebooks,24655.49
0,4,2023,Ebooks,21620.68
0,5,2021,Ebooks,8754.34
0,5,2022,Ebooks,22615.73
0,5,2023,Ebooks,21087.28
0,6,2021,Ebooks,8627.38
0,6,2022,Ebooks,20959.8
0,6,2023,Ebooks,19408.48
0,7,2021,Ebooks,13806.2
0,7,2022,Ebooks,26287.47
0,7,2023,Ebooks,14516.16
0,8,2021,Ebooks,11913.22
0,8,2022,Ebooks,32240.38
0,8,2023,Ebooks,21465.82
0,9,2021,Ebooks,11767.6
0,9,2022,Ebooks,22050.41
0,9,2023,Ebooks,17930.8
0,10,2021,Ebooks,14589.95
0,10,2022,Ebooks,23357.38
0,10,2023,Ebooks,20606.35
0,11,2021,Ebooks,15305.11
0,11,2022,Ebooks,25308.56
0,11,2023,Ebooks,20034.94
0,12,2021,Ebooks,16560.2
0,12,2022,Ebooks,25564.84
0,12,2023,Ebooks,21472.079999999998
03,1,2022,Laundry Appliances,13671.539999999999
03,1,2023,Laundry Appliances,23388.98
03,1,2024,Laundry Appliances,20355.99
03,2,2021,Laundry Appliances,9978.56
03,2,2022,Laundry Appliances,13392.34
03,2,2023,Laundry Appliances,18929.3
03,3,2021,Laundry Appliances,10247.75
03,3,2022,Laundry Appliances,15918.199999999999
03,3,2023,Laundry Appliances,17480.87
03,4,2021,Laundry Appliances,9197.81
03,4,2022,Laundry Appliances,12904.96
03,4,2023,Laundry Appliances,15877.16
03,5,2021,Laundry Appliances,10828.83
03,5,2022,Laundry Appliances,15331.73
03,5,2023,Laundry Appliances,16907.34
03,6,2021,Laundry Appliances,9695.31
03,6,2022,Laundry Appliances,14879.26
03,6,2023,Laundry Appliances,12507.64
03,7,2021,Laundry Appliances,11329.5
03,7,2022,Laundry Appliances,13608.84
03,7,2023,Laundry Appliances,11992.050000000001
03,8,2021,Laundry Appliances,10144.710000000001
03,8,2022,Laundry Appliances,18890.68
03,8,2023,Laundry Appliances,16535.510000000002
03,9,2021,Laundry Appliances,11671.11
03,9,2022,Laundry Appliances,16621.4
03,9,2023,Laundry Appliances,14418.75
03,10,2021,Laundry Appliances,11566.11
03,10,2022,Laundry Appliances,18587.65
03,10,2023,Laundry Appliances,12920.23
03,11,2021,Laundry Appliances,12830.58
03,11,2022,Laundry Appliances,17132.13
03,11,2023,Laundry Appliances,18945.78
03,12,2021,Laundry Appliances,14160.47
03,12,2022,Laundry Appliances,18858.57
03,12,2023,Laundry Appliances,23619.36
0333,1,2022,Pet Supplies,49447.05
0333,1,2023,Pet Supplies,73821.0
0333,1,2024,Pet Supplies,11965.25
0333,2,2021,Pet Supplies,26500.0
0333,2,2022,Pet Supplies,31644.0
0333,2,2023,Pet Supplies,50899.0
0333,3,2021,Pet Supplies,20656.0
0333,3,2022,Pet Supplies,17500.0
0333,3,2023,Pet Supplies,64142.0
0333,4,2022,Pet Supplies,43779.0
0333,4,2023,Pet Supplies,44615.0
0333,5,2021,Pet Supplies,28505.0
0333,5,2022,Pet Supplies,50578.0
0333,5,2023,Pet Supplies,56495.0
0333,6,2021,Pet Supplies,6393.0
0333,6,2022,Pet Supplies,32840.0
0333,6,2023,Pet Supplies,64144.79
0333,7,2021,Pet Supplies,5700.0
0333,7,2022,Pet Supplies,57535.0
0333,7,2023,Pet Supplies,94619.5
0333,8,2021,Pet Supplies,11379.0
0333,8,2022,Pet Supplies,62375.0
0333,8,2023,Pet Supplies,31684.19
0333,9,2021,Pet Supplies,10490.0
0333,9,2022,Pet Supplies,41849.0
0333,9,2023,Pet Supplies,61901.5
0333,10,2021,Pet Supplies,32555.0
0333,10,2022,Pet Supplies,66637.0
0333,10,2023,Pet Supplies,13150.0
0333,11,2021,Pet Supplies,27479.0
0333,11,2022,Pet Supplies,39798.9
0333,11,2023,Pet Supplies,11912.0
0333,12,2021,Pet Supplies,27393.0
0333,12,2022,Pet Supplies,35014.88
0333,12,2023,Pet Supplies,18217.5
036,1,2022,Software,23486.64
036,1,2023,Software,6389.849999999999
036,1,2024,Software,4653.97
036,2,2021,Software,3747.5
036,2,2022,Software,8497.52
036,2,2023,Software,9668.95
036,3,2021,Software,5905.3
036,3,2022,Software,8992.38
036,3,2023,Software,6253.39
036,4,2021,Software,6954.200000000001
036,4,2022,Software,9915.5
036,4,2023,Software,6131.14
036,5,2021,Software,12569.0
036,5,2022,Software,15560.369999999999
036,5,2023,Software,7085.39
036,6,2021,Software,10589.2
036,6,2022,Software,7838.37
036,6,2023,Software,5775.63
036,7,2021,Software,9139.0
036,7,2022,Software,7358.41
036,7,2023,Software,7787.74
036,8,2021,Software,7350.95
036,8,2022,Software,6759.46
036,8,2023,Software,7470.69
036,9,2021,Software,6810.95
036,9,2022,Software,6577.1
036,9,2023,Software,6690.54
036,10,2021,Software,7741.900000000001
036,10,2022,Software,9565.02
036,10,2023,Software,5272.41
036,11,2021,Software,7502.400000000001
036,11,2022,Software,8184.5
036,11,2023,Software,4832.88
036,12,2021,Software,8500.86
036,12,2022,Software,5462.8099999999995
036,12,2023,Software,4165.89
1,1,2022,Household Goods,27490.2
1,1,2023,Household Goods,54358.090000000004
1,1,2024,Household Goods,30834.72
1,2,2021,Household Goods,21770.52
1,2,2022,Household Goods,48218.3
1,2,2023,Household Goods,55860.51
1,3,2021,Household Goods,27955.2
1,3,2022,Household Goods,46974.36
1,3,2023,Household Goods,57629.07
1,4,2021,Household Goods,19577.05
1,4,2022,Household Goods,55113.75
1,4,2023,Household Goods,43251.26
1,5,2021,Household Goods,20876.9
1,5,2022,Household Goods,32688.77
1,5,2023,Household Goods,32562.17
1,6,2021,Household Goods,20888.5
1,6,2022,Household Goods,21072.59
1,6,2023,Household Goods,20109.65
1,7,2021,Household Goods,23965.6
1,7,2022,Household Goods,28109.95
1,7,2023,Household Goods,52490.05
1,8,2021,Household Goods,37130.65
1,8,2022,Household Goods,53143.7
1,8,2023,Household Goods,31824.63
1,9,2021,Household Goods,26099.55
1,9,2022,Household Goods,43424.6
1,9,2023,Household Goods,26383.8
1,10,2021,Household Goods,20726.35
1,10,2022,Household Goods,27285.45
1,10,2023,Household Goods,18426.86
1,11,2021,Household Goods,22178.75
1,11,2022,Household Goods,24498.91
1,11,2023,Household Goods,17301.75
1,12,2021,Household Goods,36263.11
1,12,2022,Household Goods,49245.76
1,12,2023,Household Goods,32545.87
130,1,2022,Clothing,6728.85
130,1,2023,Clothing,10004.83
130,1,2024,Clothing,5666.35
130,2,2021,Clothing,6004.33
130,2,2022,Clothing,9957.33
130,2,2023,Clothing,9794.0
130,3,2021,Clothing,9700.68
130,3,2022,Clothing,21964.39
130,3,2023,Clothing,16750.77
130,4,2021,Clothing,14003.56
130,4,2022,Clothing,13837.7
130,4,2023,Clothing,7478.95
130,5,2021,Clothing,8446.86
130,5,2022,Clothing,15417.11
130,5,2023,Clothing,10990.22
130,6,2021,Clothing,4739.4
130,6,2022,Clothing,8416.53
130,6,2023,Clothing,8679.24
130,7,2021,Clothing,7512.9
130,7,2022,Clothing,10881.36
130,7,2023,Clothing,8365.33
130,8,2021,Clothing,18588.46
130,8,2022,Clothing,14499.46
130,8,2023,Clothing,14484.55
130,9,2021,Clothing,14024.61
130,9,2022,Clothing,17624.0
130,9,2023,Clothing,9384.04
130,10,2021,Clothing,9799.69
130,10,2022,Clothing,10788.85
130,10,2023,Clothing,7983.8
130,11,2021,Clothing,8549.42
130,11,2022,Clothing,9613.06
130,11,2023,Clothing,5095.33
130,12,2021,Clothing,8628.0
130,12,2022,Clothing,6521.93
130,12,2023,Clothing,4145.11
150,1,2022,Kitchenware,6116.51
150,1,2023,Kitchenware,14181.89
150,1,2024,Kitchenware,5340.28
150,2,2021,Kitchenware,12943.9
150,2,2022,Kitchenware,15206.15
150,2,2023,Kitchenware,4604.56
150,3,2021,Kitchenware,6360.75
150,3,2022,Kitchenware,7189.35
150,3,2023,Kitchenware,8582.8
150,4,2021,Kitchenware,9746.34
150,4,2022,Kitchenware,13023.85
150,4,2023,Kitchenware,11113.82
150,5,2021,Kitchenware,11010.75
150,5,2022,Kitchenware,13031.07
150,5,2023,Kitchenware,7045.6
150,6,2021,Kitchenware,6533.14
150,6,2022,Kitchenware,10393.95
150,6,2023,Kitchenware,7436.76
150,7,2021,Kitchenware,7830.35
150,7,2022,Kitchenware,8969.8
150,7,2023,Kitchenware,4630.64
150,8,2021,Kitchenware,6458.05
150,8,2022,Kitchenware,10716.0
150,8,2023,Kitchenware,6574.38
150,9,2021,Kitchenware,11335.05
150,9,2022,Kitchenware,9746.08
150,9,2023,Kitchenware,7005.99
150,10,2021,Kitchenware,8945.25
150,10,2022,Kitchenware,16377.47
150,10,2023,Kitchenware,3670.91
150,11,2021,Kitchenware,7738.84
150,11,2022,Kitchenware,11924.8
150,11,2023,Kitchenware,10167.64
150,12,2021,Kitchenware,17067.32
150,12,2022,Kitchenware,4213.25
150,12,2023,Kitchenware,6691.25
17,1,2022,Lighting,9392.54
17,1,2023,Lighting,10157.83
17,1,2024,Lighting,8572.62
17,2,2021,Lighting,9727.53
17,2,2022,Lighting,10922.4
17,2,2023,Lighting,10902.92
17,3,2021,Lighting,13693.62
17,3,2022,Lighting,12836.87
17,3,2023,Lighting,11760.15
17,4,2021,Lighting,15328.4
17,4,2022,Lighting,10839.74
17,4,2023,Lighting,11438.89
17,5,2021,Lighting,10643.56
17,5,2022,Lighting,13968.44
17,5,2023,Lighting,11078.23
17,6,2021,Lighting,10810.72
17,6,2022,Lighting,13428.9
17,6,2023,Lighting,9674.789999999999
17,7,2021,Lighting,11016.16
17,7,2022,Lighting,10082.02
17,7,2023,Lighting,9069.6
17,8,2021,Lighting,12542.52
17,8,2022,Lighting,12866.61
17,8,2023,Lighting,8986.44
17,9,2021,Lighting,14366.36
17,9,2022,Lighting,11470.380000000001
17,9,2023,Lighting,9576.77
17,10,2021,Lighting,11300.77
17,10,2022,Lighting,10143.39
17,10,2023,Lighting,9049.82
17,11,2021,Lighting,9605.62
17,11,2022,Lighting,9691.26
17,11,2023,Lighting,6728.4
17,12,2021,Lighting,11729.69
17,12,2022,Lighting,12635.42
17,12,2023,Lighting,9047.7
18,1,2022,Hobbies,14590.25
18,1,2023,Hobbies,18369.05
18,1,2024,Hobbies,15400.52
18,2,2021,Hobbies,8411.64
18,2,2022,Hobbies,18786.31
18,2,2023,Hobbies,15392.3
18,3,2021,Hobbies,9827.89
18,3,2022,Hobbies,19155.47
18,3,2023,Hobbies,22705.829999999998
18,4,2021,Hobbies,9629.72
18,4,2022,Hobbies,20492.489999999998
18,4,2023,Hobbies,17037.170000000002
18,5,2021,Hobbies,12388.65
18,5,2022,Hobbies,20696.36
18,5,2023,Hobbies,21336.86
18,6,2021,Hobbies,12925.23
18,6,2022,Hobbies,22092.41
18,6,2023,Hobbies,19238.73
18,7,2021,Hobbies,13930.93
18,7,2022,Hobbies,19988.23
18,7,2023,Hobbies,20151.670000000002
18,8,2021,Hobbies,18152.14
18,8,2022,Hobbies,21707.84
18,8,2023,Hobbies,26907.24
18,9,2021,Hobbies,18107.12
18,9,2022,Hobbies,21553.86
18,9,2023,Hobbies,17578.27
18,10,2021,Hobbies,20346.0
18,10,2022,Hobbies,18764.94
18,10,2023,Hobbies,21478.02
18,11,2021,Hobbies,21079.23
18,11,2022,Hobbies,17268.79
18,11,2023,Hobbies,18773.15
18,12,2021,Hobbies,13565.48
18,12,2022,Hobbies,17864.26
18,12,2023,Hobbies,16019.32
19,1,2022,Cleaning Supplies,53020.1
19,1,2023,Cleaning Supplies,13434.48
19,1,2024,Cleaning Supplies,12154.83
19,2,2021,Cleaning Supplies,37138.12
19,2,2022,Cleaning Supplies,18634.94
19,2,2023,Cleaning Supplies,13081.54
19,3,2021,Cleaning Supplies,130082.35
19,3,2022,Cleaning Supplies,14965.6
19,3,2023,Cleaning Supplies,20514.34
19,4,2021,Cleaning Supplies,33438.42
19,4,2022,Cleaning Supplies,13483.98
19,4,2023,Cleaning Supplies,17282.63
19,5,2021,Cleaning Supplies,18754.75
19,5,2022,Cleaning Supplies,22156.55
19,5,2023,Cleaning Supplies,18612.65
19,6,2021,Cleaning Supplies,17796.85
19,6,2022,Cleaning Supplies,16011.09
19,6,2023,Cleaning Supplies,14081.58
19,7,2021,Cleaning Supplies,15703.45
19,7,2022,Cleaning Supplies,22460.0
19,7,2023,Cleaning Supplies,15574.93
19,8,2021,Cleaning Supplies,14646.42
19,8,2022,Cleaning Supplies,20911.52
19,8,2023,Cleaning Supplies,12968.69
19,9,2021,Cleaning Supplies,16360.09
19,9,2022,Cleaning Supplies,10360.23
19,9,2023,Cleaning Supplies,11863.74
19,10,2021,Cleaning Supplies,13863.210000000001
19,10,2022,Cleaning Supplies,14125.7
19,10,2023,Cleaning Supplies,13878.6
19,11,2021,Cleaning Supplies,10652.37
19,11,2022,Cleaning Supplies,13211.93
19,11,2023,Cleaning Supplies,11532.36
19,12,2021,Cleaning Supplies,14184.34
19,12,2022,Cleaning Supplies,20232.0
19,12,2023,Cleaning Supplies,11847.289999999999
190,1,2022,Arts and Crafts,49413.5
190,1,2023,Arts and Crafts,55073.9
190,1,2024,Arts and Crafts,63365.450000000004
190,2,2021,Arts and Crafts,22243.56
190,2,2022,Arts and Crafts,45018.43
190,2,2023,Arts and Crafts,62395.18
190,3,2021,Arts and Crafts,33044.57
190,3,2022,Arts and Crafts,52742.76
190,3,2023,Arts and Crafts,73610.36
190,4,2021,Arts and Crafts,29563.11
190,4,2022,Arts and Crafts,59517.87
190,4,2023,Arts and Crafts,71553.18
190,5,2021,Arts and Crafts,32441.0
190,5,2022,Arts and Crafts,50787.8
190,5,2023,Arts and Crafts,73201.12
190,6,2021,Arts and Crafts,27184.45
190,6,2022,Arts and Crafts,56811.38
190,6,2023,Arts and Crafts,66862.53
190,7,2021,Arts and Crafts,30575.14
190,7,2022,Arts and Crafts,53162.090000000004
190,7,2023,Arts and Crafts,68706.77
190,8,2021,Arts and Crafts,32972.86
190,8,2022,Arts and Crafts,62961.67
190,8,2023,Arts and Crafts,66790.1
190,9,2021,Arts and Crafts,30430.25
190,9,2022,Arts and Crafts,50653.6
190,9,2023,Arts and Crafts,65067.46
190,10,2021,Arts and Crafts,31815.05
190,10,2022,Arts and Crafts,61472.05
190,10,2023,Arts and Crafts,71240.48
190,11,2021,Arts and Crafts,33311.22
190,11,2022,Arts and Crafts,60724.020000000004
190,11,2023,Arts and Crafts,65439.83
190,12,2021,Arts and Crafts,40778.58
190,12,2022,Arts and Crafts,56183.590000000004
190,12,2023,Arts and Crafts,73268.41
22,1,2022,Earrings,17917.9
22,1,2023,Earrings,27623.6
22,1,2024,Earrings,17745.670000000002
22,2,2021,Earrings,25850.33
22,2,2022,Earrings,21965.82
22,2,2023,Earrings,18468.059999999998
22,3,2021,Earrings,45268.77
22,3,2022,Earrings,25390.61
22,3,2023,Earrings,21190.82
22,4,2021,Earrings,25646.69
22,4,2022,Earrings,23576.18
22,4,2023,Earrings,22567.09
22,5,2021,Earrings,23529.8
22,5,2022,Earrings,21848.29
22,5,2023,Earrings,30771.559999999998
22,6,2021,Earrings,19494.25
22,6,2022,Earrings,19706.3
22,6,2023,Earrings,19972.03
22,7,2021,Earrings,25271.22
22,7,2022,Earrings,23094.55
22,7,2023,Earrings,22238.45
22,8,2021,Earrings,28434.32
22,8,2022,Earrings,26725.61
22,8,2023,Earrings,18995.96
22,9,2021,Earrings,25750.079999999998
22,9,2022,Earrings,16073.98
22,9,2023,Earrings,18021.18
22,10,2021,Earrings,15620.83
22,10,2022,Earrings,40056.49
22,10,2023,Earrings,16731.99
22,11,2021,Earrings,23679.08
22,11,2022,Earrings,19785.489999999998
22,11,2023,Earrings,14100.19
22,12,2021,Earrings,21870.62
22,12,2022,Earrings,21700.75
22,12,2023,Earrings,19201.760000000002
26,1,2022,Books,29770.79
26,1,2023,Books,46904.17
26,1,2024,Books,36684.06
26,2,2021,Books,19634.09
26,2,2022,Books,27465.82
26,2,2023,Books,41217.4
26,3,2021,Books,20206.94
26,3,2022,Books,31957.31
26,3,2023,Books,48041.7
26,4,2021,Books,19390.29
26,4,2022,Books,28434.52
26,4,2023,Books,47094.31
26,5,2021,Books,21486.66
26,5,2022,Books,31252.62
26,5,2023,Books,48344.81
26,6,2021,Books,20889.45
26,6,2022,Books,29076.98
26,6,2023,Books,42539.93
26,7,2021,Books,32005.24
26,7,2022,Books,33790.77
26,7,2023,Books,37292.21
26,8,2021,Books,27049.46
26,8,2022,Books,41336.03
26,8,2023,Books,48123.84
26,9,2021,Books,20627.16
26,9,2022,Books,34952.9
26,9,2023,Books,49549.82
26,10,2021,Books,30783.98
26,10,2022,Books,37320.38
26,10,2023,Books,44240.45
26,11,2021,Books,29235.06
26,11,2022,Books,40136.57
26,11,2023,Books,43131.75
26,12,2021,Books,29756.47
26,12,2022,Books,39418.84
26,12,2023,Books,43015.04
27,1,2022,Electronics,75786.89
27,1,2023,Electronics,99677.4
27,1,2024,Electronics,96577.94
27,2,2021,Electronics,40146.24
27,2,2022,Electronics,72241.71
27,2,2023,Electronics,99034.61
27,3,2021,Electronics,48198.08
27,3,2022,Electronics,86236.92
27,3,2023,Electronics,109868.34
27,4,2021,Electronics,52237.840000000004
27,4,2022,Electronics,90580.98
27,4,2023,Electronics,120158.74
27,5,2021,Electronics,65128.7
27,5,2022,Electronics,102394.45999999999
27,5,2023,Electronics,136754.05
27,6,2021,Electronics,61371.05
27,6,2022,Electronics,105484.17
27,6,2023,Electronics,104489.29
27,7,2021,Electronics,62446.35
27,7,2022,Electronics,98273.29
27,7,2023,Electronics,105146.78
27,8,2021,Electronics,64685.06
27,8,2022,Electronics,128517.91
27,8,2023,Electronics,124506.82
27,9,2021,Electronics,88851.18
27,9,2022,Electronics,108702.56
27,9,2023,Electronics,108536.41
27,10,2021,Electronics,82125.59
27,10,2022,Electronics,116769.35
27,10,2023,Electronics,104984.42
27,11,2021,Electronics,86009.15
27,11,2022,Electronics,101899.56999999999
27,11,2023,Electronics,98241.17
27,12,2021,Electronics,85178.83
27,12,2022,Electronics,106043.63
27,12,2023,Electronics,118332.59
31,1,2022,Productivity,12903.8
31,1,2023,Productivity,18861.29
31,1,2024,Productivity,10878.01
31,2,2021,Productivity,10833.78
31,2,2022,Productivity,15123.43
31,2,2023,Productivity,14808.35
31,3,2021,Productivity,9907.98
31,3,2022,Productivity,14262.86
31,3,2023,Productivity,17674.69
31,4,2021,Productivity,8259.29
31,4,2022,Productivity,16604.56
31,4,2023,Productivity,15781.65
31,5,2021,Productivity,9695.85
31,5,2022,Productivity,12057.75
31,5,2023,Productivity,16200.63
31,6,2021,Productivity,8998.52
31,6,2022,Productivity,14294.08
31,6,2023,Productivity,12850.36
31,7,2021,Productivity,10166.1
31,7,2022,Productivity,21437.33
31,7,2023,Productivity,13629.93
31,8,2021,Productivity,11636.2
31,8,2022,Productivity,13580.24
31,8,2023,Productivity,17811.48
31,9,2021,Productivity,15073.65
31,9,2022,Productivity,13608.29
31,9,2023,Productivity,11623.23
31,10,2021,Productivity,11892.65
31,10,2022,Productivity,18661.71
31,10,2023,Productivity,14003.8
31,11,2021,Productivity,10609.92
31,11,2022,Productivity,13934.74
31,11,2023,Productivity,14822.94
31,12,2021,Productivity,15337.4
31,12,2022,Productivity,15144.77
31,12,2023,Productivity,14822.69
33,1,2022,Audiobooks,12588.13
33,1,2023,Audiobooks,14056.98
33,1,2024,Audiobooks,9336.66
33,2,2021,Audiobooks,13382.16
33,2,2022,Audiobooks,18453.23
33,2,2023,Audiobooks,12845.89
33,3,2021,Audiobooks,13802.6
33,3,2022,Audiobooks,11591.12
33,3,2023,Audiobooks,11789.07
33,4,2021,Audiobooks,12159.9
33,4,2022,Audiobooks,16470.51
33,4,2023,Audiobooks,10366.74
33,5,2021,Audiobooks,13193.71
33,5,2022,Audiobooks,22296.38
33,5,2023,Audiobooks,11345.36
33,6,2021,Audiobooks,9910.03
33,6,2022,Audiobooks,10660.8
33,6,2023,Audiobooks,12270.55
33,7,2021,Audiobooks,13854.55
33,7,2022,Audiobooks,15086.37
33,7,2023,Audiobooks,13325.42
33,8,2021,Audiobooks,12673.75
33,8,2022,Audiobooks,13376.93
33,8,2023,Audiobooks,12979.2
33,9,2021,Audiobooks,15217.33
33,9,2022,Audiobooks,15184.75
33,9,2023,Audiobooks,10183.18
33,10,2021,Audiobooks,14392.4
33,10,2022,Audiobooks,12683.89
33,10,2023,Audiobooks,9595.79
33,11,2021,Audiobooks,13663.22
33,11,2022,Audiobooks,16830.55
33,11,2023,Audiobooks,12777.85
33,12,2021,Audiobooks,16824.24
33,12,2022,Audiobooks,17610.82
33,12,2023,Audiobooks,10157.12
333,1,2022,Automotive Parts and Accessories,54317.05
333,1,2023,Automotive Parts and Accessories,83405.94
333,1,2024,Automotive Parts and Accessories,63903.97
333,2,2021,Automotive Parts and Accessories,27366.05
333,2,2022,Automotive Parts and Accessories,69133.7
333,2,2023,Automotive Parts and Accessories,81781.83
333,3,2021,Automotive Parts and Accessories,15719.75
333,3,2022,Automotive Parts and Accessories,72234.55
333,3,2023,Automotive Parts and Accessories,94211.72
333,4,2021,Automotive Parts and Accessories,25646.0
333,4,2022,Automotive Parts and Accessories,67974.82
333,4,2023,Automotive Parts and Accessories,85951.63
333,5,2021,Automotive Parts and Accessories,23096.55
333,5,2022,Automotive Parts and Accessories,63409.39
333,5,2023,Automotive Parts and Accessories,83209.26
333,6,2021,Automotive Parts and Accessories,37318.9
333,6,2022,Automotive Parts and Accessories,51549.7
333,6,2023,Automotive Parts and Accessories,44214.659999999996
333,7,2021,Automotive Parts and Accessories,39617.7
333,7,2022,Automotive Parts and Accessories,79075.25
333,7,2023,Automotive Parts and Accessories,75021.43
333,8,2021,Automotive Parts and Accessories,34187.0
333,8,2022,Automotive Parts and Accessories,76978.93
333,8,2023,Automotive Parts and Accessories,93101.15
333,9,2021,Automotive Parts and Accessories,53074.1
333,9,2022,Automotive Parts and Accessories,54421.55
333,9,2023,Automotive Parts and Accessories,72824.03
333,10,2021,Automotive Parts and Accessories,16603.37
333,10,2022,Automotive Parts and Accessories,61343.01
333,10,2023,Automotive Parts and Accessories,58183.61
333,11,2021,Automotive Parts and Accessories,41154.95
333,11,2022,Automotive Parts and Accessories,74702.19
333,11,2023,Automotive Parts and Accessories,72736.38
333,12,2021,Automotive Parts and Accessories,68923.33
333,12,2022,Automotive Parts and Accessories,81324.49
333,12,2023,Automotive Parts and Accessories,110176.36
3333,1,2023,Power Tools,31967.0
3333,1,2024,Power Tools,20439.92
3333,2,2021,Power Tools,8200.0
3333,2,2022,Power Tools,17592.0
3333,3,2021,Power Tools,17098.1
3333,3,2022,Power Tools,26000.0
3333,3,2023,Power Tools,29129.0
3333,4,2022,Power Tools,28069.65
3333,4,2023,Power Tools,17230.0
3333,5,2021,Power Tools,35547.0
3333,5,2022,Power Tools,9297.6
3333,5,2023,Power Tools,37489.0
3333,6,2021,Power Tools,26300.0
3333,6,2022,Power Tools,18200.0
3333,7,2021,Power Tools,36599.0
3333,7,2023,Power Tools,35900.0
3333,8,2021,Power Tools,8549.0
3333,8,2022,Power Tools,17180.0
3333,8,2023,Power Tools,10290.0
3333,9,2021,Power Tools,10919.0
3333,9,2022,Power Tools,16843.1
3333,9,2023,Power Tools,32099.0
3333,10,2022,Power Tools,38180.2
3333,10,2023,Power Tools,34534.0
3333,11,2021,Power Tools,17000.0
3333,11,2022,Power Tools,8454.0
3333,11,2023,Power Tools,49443.2
3333,12,2021,Power Tools,52146.0
3333,12,2022,Power Tools,53455.1
3333,12,2023,Power Tools,85640.2
34,1,2022,Gaming Accessories,8115.0
34,1,2023,Gaming Accessories,3817.45
34,2,2021,Gaming Accessories,9196.0
34,2,2022,Gaming Accessories,8431.0
34,2,2023,Gaming Accessories,8055.0
34,3,2021,Gaming Accessories,5741.0
34,3,2023,Gaming Accessories,7739.0
34,4,2021,Gaming Accessories,5795.0
34,4,2023,Gaming Accessories,7450.82
34,5,2021,Gaming Accessories,7123.5
34,5,2022,Gaming Accessories,3900.0
34,6,2021,Gaming Accessories,8926.15
34,6,2022,Gaming Accessories,11753.9
34,6,2023,Gaming Accessories,15515.130000000001
34,7,2022,Gaming Accessories,3826.0
34,7,2023,Gaming Accessories,15984.0
34,8,2021,Gaming Accessories,13885.0
34,8,2022,Gaming Accessories,12405.0
34,8,2023,Gaming Accessories,8282.5
34,9,2021,Gaming Accessories,10691.5
34,9,2022,Gaming Accessories,3826.0
34,9,2023,Gaming Accessories,4100.0
34,10,2021,Gaming Accessories,11255.0
34,10,2022,Gaming Accessories,8408.5
34,11,2021,Gaming Accessories,3190.0
34,11,2023,Gaming Accessories,17034.33
34,12,2021,Gaming Accessories,16464.68
34,12,2022,Gaming Accessories,12932.5
34,12,2023,Gaming Accessories,4104.0
35,1,2022,Beauty Products,14723.2
35,1,2023,Beauty Products,19034.22
35,1,2024,Beauty Products,12840.57
35,2,2021,Beauty Products,7650.86
35,2,2022,Beauty Products,16902.49
35,2,2023,Beauty Products,19229.17
35,3,2021,Beauty Products,5832.71
35,3,2022,Beauty Products,14613.75
35,3,2023,Beauty Products,15953.92
35,4,2021,Beauty Products,6864.67
35,4,2022,Beauty Products,15087.0
35,4,2023,Beauty Products,12967.63
35,5,2021,Beauty Products,8185.11
35,5,2022,Beauty Products,17284.64
35,5,2023,Beauty Products,16477.1
35,6,2021,Beauty Products,8580.79
35,6,2022,Beauty Products,17838.63
35,6,2023,Beauty Products,16015.72
35,7,2021,Beauty Products,10604.25
35,7,2022,Beauty Products,17108.69
35,7,2023,Beauty Products,11014.4
35,8,2021,Beauty Products,9911.83
35,8,2022,Beauty Products,19060.1
35,8,2023,Beauty Products,17171.68
35,9,2021,Beauty Products,9632.29
35,9,2022,Beauty Products,17044.89
35,9,2023,Beauty Products,13059.82
35,10,2021,Beauty Products,12397.43
35,10,2022,Beauty Products,16649.59
35,10,2023,Beauty Products,13480.99
35,11,2021,Beauty Products,11893.32
35,11,2022,Beauty Products,18375.66
35,11,2023,Beauty Products,17266.61
35,12,2021,Beauty Products,12226.58
35,12,2022,Beauty Products,16391.45
35,12,2023,Beauty Products,14350.78
36,1,2022,Food,21950.54
36,1,2023,Food,14905.24
36,1,2024,Food,11589.66
36,2,2021,Food,41919.9
36,2,2022,Food,22321.23
36,2,2023,Food,17093.12
36,3,2021,Food,75088.99
36,3,2022,Food,19239.56
36,3,2023,Food,18953.89
36,4,2021,Food,48074.3
36,4,2022,Food,19706.84
36,4,2023,Food,14208.58
36,5,2021,Food,48091.43
36,5,2022,Food,19412.15
36,5,2023,Food,15291.98
36,6,2021,Food,71808.42
36,6,2022,Food,13891.0
36,6,2023,Food,14253.91
36,7,2021,Food,37031.21
36,7,2022,Food,8293.630000000001
36,7,2023,Food,13065.53
36,8,2021,Food,39801.5
36,8,2022,Food,10411.64
36,8,2023,Food,13100.189999999999
36,9,2021,Food,30723.25
36,9,2022,Food,11383.289999999999
36,9,2023,Food,12935.71
36,10,2021,Food,26404.1
36,10,2022,Food,14740.65
36,10,2023,Food,13323.96
36,11,2021,Food,20690.2
36,11,2022,Food,14883.55
36,11,2023,Food,21094.489999999998
36,12,2021,Food,17494.21
36,12,2022,Food,18463.36
36,12,2023,Food,11925.25
38,1,2022,Beverages,8615.64
38,1,2023,Beverages,6560.4400000000005
38,1,2024,Beverages,4101.48
38,2,2021,Beverages,9326.59
38,2,2022,Beverages,6082.25
38,2,2023,Beverages,9232.76
38,3,2021,Beverages,12082.15
38,3,2022,Beverages,8444.45
38,3,2023,Beverages,12861.86
38,4,2021,Beverages,12456.12
38,4,2022,Beverages,8702.8
38,4,2023,Beverages,10253.460000000001
38,5,2021,Beverages,13768.0
38,5,2022,Beverages,11739.49
38,5,2023,Beverages,10436.28
38,6,2021,Beverages,13549.55
38,6,2022,Beverages,8100.41
38,6,2023,Beverages,16575.260000000002
38,7,2021,Beverages,13904.9
38,7,2022,Beverages,12443.12
38,7,2023,Beverages,11711.81
38,8,2021,Beverages,18471.82
38,8,2022,Beverages,12186.55
38,8,2023,Beverages,9638.52
38,9,2021,Beverages,10681.15
38,9,2022,Beverages,11196.09
38,9,2023,Beverages,5681.81
38,10,2021,Beverages,11981.39
38,10,2022,Beverages,9557.8
38,10,2023,Beverages,7023.54
38,11,2021,Beverages,9373.77
38,11,2022,Beverages,6104.6
38,11,2023,Beverages,6553.85
38,12,2021,Beverages,10750.5
38,12,2022,Beverages,11451.76
38,12,2023,Beverages,7913.7
42,1,2022,Toys,16364.43
42,1,2023,Toys,11222.8
42,1,2024,Toys,7698.3
42,2,2021,Toys,14384.1
42,2,2022,Toys,6435.6
42,2,2023,Toys,19692.6
42,3,2021,Toys,9623.48
42,3,2022,Toys,23691.4
42,3,2023,Toys,31606.4
42,4,2021,Toys,4394.23
42,4,2022,Toys,15728.0
42,4,2023,Toys,6498.0
42,5,2021,Toys,8483.8
42,5,2022,Toys,23166.989999999998
42,5,2023,Toys,3473.9
42,6,2021,Toys,22157.6
42,6,2022,Toys,12735.57
42,6,2023,Toys,11401.1
42,7,2021,Toys,7333.95
42,7,2022,Toys,23060.2
42,7,2023,Toys,13010.800000000001
42,8,2021,Toys,15936.8
42,8,2022,Toys,35487.4
42,8,2023,Toys,12783.4
42,9,2021,Toys,19274.5
42,9,2022,Toys,7073.9
42,9,2023,Toys,26478.0
42,10,2021,Toys,6460.67
42,10,2022,Toys,25553.4
42,10,2023,Toys,18498.3
42,11,2021,Toys,25003.4
42,11,2022,Toys,13450.8
42,11,2023,Toys,1760.0
42,12,2021,Toys,6513.0
42,12,2023,Toys,2157.0
49,1,2022,Books,9232.15
49,1,2023,Books,10111.66
49,1,2024,Books,7189.51
49,2,2021,Books,7675.67
49,2,2022,Books,5623.32
49,2,2023,Books,7260.28
49,3,2021,Books,6987.05
49,3,2022,Books,8708.3
49,3,2023,Books,13510.72
49,4,2021,Books,6718.0
49,4,2022,Books,9433.48
49,4,2023,Books,6737.43
49,5,2021,Books,8600.5
49,5,2022,Books,8007.53
49,5,2023,Books,11370.69
49,6,2021,Books,8620.04
49,6,2022,Books,9387.72
49,6,2023,Books,8718.72
49,7,2021,Books,8652.45
49,7,2022,Books,6621.26
49,7,2023,Books,6501.45
49,8,2021,Books,11515.84
49,8,2022,Books,11949.16
49,8,2023,Books,13709.48
49,9,2021,Books,12137.1
49,9,2022,Books,12172.2
49,9,2023,Books,11806.45
49,10,2021,Books,8535.22
49,10,2022,Books,9306.47
49,10,2023,Books,14015.88
49,11,2021,Books,9601.85
49,11,2022,Books,11049.09
49,11,2023,Books,8713.48
49,12,2021,Books,9226.98
49,12,2022,Books,10629.789999999999
49,12,2023,Books,8664.68
52,1,2022,Musical Instruments,12122.77
52,1,2023,Musical Instruments,9990.01
52,1,2024,Musical Instruments,7100.0
52,2,2021,Musical Instruments,7314.06
52,2,2022,Musical Instruments,12649.24
52,2,2023,Musical Instruments,11356.53
52,3,2021,Musical Instruments,14383.300000000001
52,3,2022,Musical Instruments,15292.81
52,3,2023,Musical Instruments,13089.06
52,4,2021,Musical Instruments,10802.24
52,4,2022,Musical Instruments,14587.33
52,4,2023,Musical Instruments,10371.23
52,5,2021,Musical Instruments,9475.89
52,5,2022,Musical Instruments,14396.0
52,5,2023,Musical Instruments,8909.1
52,6,2021,Musical Instruments,10041.300000000001
52,6,2022,Musical Instruments,12424.82
52,6,2023,Musical Instruments,9884.52
52,7,2021,Musical Instruments,12598.24
52,7,2022,Musical Instruments,14592.65
52,7,2023,Musical Instruments,9111.61
52,8,2021,Musical Instruments,13581.210000000001
52,8,2022,Musical Instruments,12747.08
52,8,2023,Musical Instruments,11834.4
52,9,2021,Musical Instruments,11039.01
52,9,2022,Musical Instruments,13664.89
52,9,2023,Musical Instruments,7490.37
52,10,2021,Musical Instruments,10126.62
52,10,2022,Musical Instruments,13421.51
52,10,2023,Musical Instruments,8248.26
52,11,2021,Musical Instruments,13999.18
52,11,2022,Musical Instruments,13638.73
52,11,2023,Musical Instruments,9416.05
52,12,2021,Musical Instruments,13660.78
52,12,2022,Musical Instruments,11506.16
52,12,2023,Musical Instruments,7284.74
60,1,2022,Outdoor Gear,17564.06
60,1,2023,Outdoor Gear,14991.58
60,1,2024,Outdoor Gear,11772.85
60,2,2021,Outdoor Gear,7277.96
60,2,2022,Outdoor Gear,11357.87
60,2,2023,Outdoor Gear,12426.73
60,3,2021,Outdoor Gear,7064.2
60,3,2022,Outdoor Gear,16056.62
60,3,2023,Outdoor Gear,13587.21
60,4,2021,Outdoor Gear,6759.56
60,4,2022,Outdoor Gear,18635.03
60,4,2023,Outdoor Gear,13130.4
60,5,2021,Outdoor Gear,12840.58
60,5,2022,Outdoor Gear,17622.61
60,5,2023,Outdoor Gear,16156.34
60,6,2021,Outdoor Gear,9514.36
60,6,2022,Outdoor Gear,15486.91
60,6,2023,Outdoor Gear,14448.22
60,7,2021,Outdoor Gear,11561.86
60,7,2022,Outdoor Gear,15758.68
60,7,2023,Outdoor Gear,12764.64
60,8,2021,Outdoor Gear,12842.84
60,8,2022,Outdoor Gear,19311.16
60,8,2023,Outdoor Gear,13902.76
60,9,2021,Outdoor Gear,12361.09
60,9,2022,Outdoor Gear,18364.11
60,9,2023,Outdoor Gear,15247.27
60,10,2021,Outdoor Gear,12471.11
60,10,2022,Outdoor Gear,17629.08
60,10,2023,Outdoor Gear,13970.82
60,11,2021,Outdoor Gear,11878.45
60,11,2022,Outdoor Gear,18748.71
60,11,2023,Outdoor Gear,13283.69
60,12,2021,Outdoor Gear,11494.7
60,12,2022,Outdoor Gear,15154.89
60,12,2023,Outdoor Gear,10320.1
63,1,2022,Bracelets,14339.039999999999
63,1,2023,Bracelets,18488.2
63,1,2024,Bracelets,9631.89
63,2,2021,Bracelets,5343.42
63,2,2022,Bracelets,7936.29
63,2,2023,Bracelets,10877.27
63,3,2021,Bracelets,9776.45
63,3,2022,Bracelets,15201.09
63,3,2023,Bracelets,12598.61
63,4,2021,Bracelets,12987.38
63,4,2022,Bracelets,14552.74
63,4,2023,Bracelets,9313.15
63,5,2021,Bracelets,9996.9
63,5,2022,Bracelets,14544.05
63,5,2023,Bracelets,16051.36
63,6,2021,Bracelets,9789.5
63,6,2022,Bracelets,14780.73
63,6,2023,Bracelets,14405.09
63,7,2021,Bracelets,9986.91
63,7,2022,Bracelets,9301.49
63,7,2023,Bracelets,16779.0
63,8,2021,Bracelets,15294.97
63,8,2022,Bracelets,15387.85
63,8,2023,Bracelets,5095.34
63,9,2021,Bracelets,15966.5
63,9,2022,Bracelets,13104.95
63,9,2023,Bracelets,15918.64
63,10,2021,Bracelets,13441.55
63,10,2022,Bracelets,12475.55
63,10,2023,Bracelets,22706.68
63,11,2021,Bracelets,7467.82
63,11,2022,Bracelets,10035.45
63,11,2023,Bracelets,9146.19
63,12,2021,Bracelets,7664.94
63,12,2022,Bracelets,8046.42
63,12,2023,Bracelets,14797.06
67,1,2022,Furniture,19813.02
67,1,2023,Furniture,17324.14
67,1,2024,Furniture,11865.93
67,2,2021,Furniture,12279.1
67,2,2022,Furniture,19479.82
67,2,2023,Furniture,16629.67
67,3,2021,Furniture,15259.91
67,3,2022,Furniture,20108.26
67,3,2023,Furniture,18406.31
67,4,2021,Furniture,16643.27
67,4,2022,Furniture,17695.47
67,4,2023,Furniture,15495.67
67,5,2021,Furniture,14017.97
67,5,2022,Furniture,23675.15
67,5,2023,Furniture,17042.46
67,6,2021,Furniture,14465.59
67,6,2022,Furniture,18837.72
67,6,2023,Furniture,17117.32
67,7,2021,Furniture,15385.89
67,7,2022,Furniture,18497.66
67,7,2023,Furniture,15360.8
67,8,2021,Furniture,14702.25
67,8,2022,Furniture,20092.49
67,8,2023,Furniture,14764.36
67,9,2021,Furniture,14255.45
67,9,2022,Furniture,20485.58
67,9,2023,Furniture,12588.91
67,10,2021,Furniture,19473.97
67,10,2022,Furniture,19936.88
67,10,2023,Furniture,16646.84
67,11,2021,Furniture,20518.27
67,11,2022,Furniture,19632.48
67,11,2023,Furniture,14521.14
67,12,2021,Furniture,18153.59
67,12,2022,Furniture,16855.16
67,12,2023,Furniture,12946.69
69,1,2022,Mens Watches,12557.7
69,1,2023,Mens Watches,10602.28
69,1,2024,Mens Watches,10817.08
69,2,2021,Mens Watches,5836.46
69,2,2022,Mens Watches,10697.14
69,2,2023,Mens Watches,10263.69
69,3,2021,Mens Watches,8262.96
69,3,2022,Mens Watches,18628.38
69,3,2023,Mens Watches,13139.66
69,4,2021,Mens Watches,8935.35
69,4,2022,Mens Watches,16073.95
69,4,2023,Mens Watches,11354.9
69,5,2021,Mens Watches,9083.27
69,5,2022,Mens Watches,20750.37
69,5,2023,Mens Watches,10888.59
69,6,2021,Mens Watches,9128.5
69,6,2022,Mens Watches,13903.93
69,6,2023,Mens Watches,10446.56
69,7,2021,Mens Watches,7293.72
69,7,2022,Mens Watches,10571.79
69,7,2023,Mens Watches,10300.92
69,8,2021,Mens Watches,9096.62
69,8,2022,Mens Watches,17304.84
69,8,2023,Mens Watches,9703.87
69,9,2021,Mens Watches,12248.22
69,9,2022,Mens Watches,14277.29
69,9,2023,Mens Watches,8930.58
69,10,2021,Mens Watches,11555.1
69,10,2022,Mens Watches,10970.24
69,10,2023,Mens Watches,11269.82
69,11,2021,Mens Watches,11690.08
69,11,2022,Mens Watches,14114.55
69,11,2023,Mens Watches,10532.16
69,12,2021,Mens Watches,8760.52
69,12,2022,Mens Watches,10034.35
69,12,2023,Mens Watches,9338.01
74,1,2022,Bedding,16476.84
74,1,2023,Bedding,21097.44
74,1,2024,Bedding,19874.18
74,2,2021,Bedding,12588.09
74,2,2022,Bedding,16522.579999999998
74,2,2023,Bedding,22059.1
74,3,2021,Bedding,11948.99
74,3,2022,Bedding,21991.58
74,3,2023,Bedding,23567.24
74,4,2021,Bedding,12175.75
74,4,2022,Bedding,23214.17
74,4,2023,Bedding,23043.01
74,5,2021,Bedding,16238.07
74,5,2022,Bedding,25832.85
74,5,2023,Bedding,23572.2
74,6,2021,Bedding,15148.77
74,6,2022,Bedding,21639.63
74,6,2023,Bedding,21193.42
74,7,2021,Bedding,13399.3
74,7,2022,Bedding,22318.67
74,7,2023,Bedding,20104.76
74,8,2021,Bedding,15818.23
74,8,2022,Bedding,23737.16
74,8,2023,Bedding,22075.65
74,9,2021,Bedding,16095.5
74,9,2022,Bedding,23268.33
74,9,2023,Bedding,19728.41
74,10,2021,Bedding,18508.75
74,10,2022,Bedding,23421.27
74,10,2023,Bedding,20476.77
74,11,2021,Bedding,18425.31
74,11,2022,Bedding,22047.99
74,11,2023,Bedding,18915.11
74,12,2021,Bedding,17646.05
74,12,2022,Bedding,22243.76
74,12,2023,Bedding,16708.97
75,1,2022,Collectibles,30101.79
75,1,2023,Collectibles,30514.74
75,1,2024,Collectibles,21294.4
75,2,2021,Collectibles,25867.36
75,2,2022,Collectibles,27608.89
75,2,2023,Collectibles,26534.18
75,3,2021,Collectibles,29247.18
75,3,2022,Collectibles,32880.35
75,3,2023,Collectibles,37774.72
75,4,2021,Collectibles,35805.18
75,4,2022,Collectibles,25480.03
75,4,2023,Collectibles,31293.21
75,5,2021,Collectibles,24144.77
75,5,2022,Collectibles,30932.19
75,5,2023,Collectibles,39781.78
75,6,2021,Collectibles,26658.11
75,6,2022,Collectibles,19456.45
75,6,2023,Collectibles,25546.74
75,7,2021,Collectibles,34000.62
75,7,2022,Collectibles,29006.88
75,7,2023,Collectibles,37668.02
75,8,2021,Collectibles,24383.61
75,8,2022,Collectibles,35968.23
75,8,2023,Collectibles,35164.22
75,9,2021,Collectibles,25277.21
75,9,2022,Collectibles,32947.2
75,9,2023,Collectibles,33576.14
75,10,2021,Collectibles,32730.81
75,10,2022,Collectibles,32270.16
75,10,2023,Collectibles,30015.8
75,11,2021,Collectibles,37214.84
75,11,2022,Collectibles,32292.2
75,11,2023,Collectibles,28442.55
75,12,2021,Collectibles,34896.86
75,12,2022,Collectibles,38768.29
75,12,2023,Collectibles,31351.54
AL,1,2022,Flooring,10589.25
AL,1,2023,Flooring,21033.04
AL,1,2024,Flooring,19644.91
AL,2,2021,Flooring,8459.21
AL,2,2022,Flooring,15231.35
AL,2,2023,Flooring,20136.71
AL,3,2021,Flooring,5838.78
AL,3,2022,Flooring,14337.63
AL,3,2023,Flooring,22639.83
AL,4,2021,Flooring,6704.35
AL,4,2022,Flooring,13159.47
AL,4,2023,Flooring,18359.78
AL,5,2021,Flooring,6858.69
AL,5,2022,Flooring,12659.58
AL,5,2023,Flooring,23359.65
AL,6,2021,Flooring,7201.1
AL,6,2022,Flooring,11393.95
AL,6,2023,Flooring,18930.8
AL,7,2021,Flooring,7916.74
AL,7,2022,Flooring,13451.29
AL,7,2023,Flooring,20262.58
AL,8,2021,Flooring,10811.78
AL,8,2022,Flooring,17155.18
AL,8,2023,Flooring,23916.09
AL,9,2021,Flooring,8615.08
AL,9,2022,Flooring,16728.98
AL,9,2023,Flooring,20205.67
AL,10,2021,Flooring,10630.68
AL,10,2022,Flooring,18192.03
AL,10,2023,Flooring,15992.92
AL,11,2021,Flooring,11173.52
AL,11,2022,Flooring,19267.15
AL,11,2023,Flooring,15983.51
AL,12,2021,Flooring,15400.19
AL,12,2022,Flooring,16877.08
AL,12,2023,Flooring,21117.24
ALD,1,2022,Womens Watches,17746.87
ALD,1,2023,Womens Watches,16006.87
ALD,1,2024,Womens Watches,19437.56
ALD,2,2021,Womens Watches,14664.8
ALD,2,2022,Womens Watches,14015.0
ALD,2,2023,Womens Watches,10526.41
ALD,3,2021,Womens Watches,11302.1
ALD,3,2022,Womens Watches,20394.86
ALD,3,2023,Womens Watches,35963.53
ALD,4,2021,Womens Watches,12376.6
ALD,4,2022,Womens Watches,20581.75
ALD,4,2023,Womens Watches,14395.07
ALD,5,2021,Womens Watches,9538.85
ALD,5,2022,Womens Watches,19942.45
ALD,5,2023,Womens Watches,22317.74
ALD,6,2021,Womens Watches,35375.81
ALD,6,2022,Womens Watches,35311.73
ALD,6,2023,Womens Watches,17702.739999999998
ALD,7,2021,Womens Watches,29769.75
ALD,7,2022,Womens Watches,25957.03
ALD,7,2023,Womens Watches,37769.62
ALD,8,2021,Womens Watches,13760.25
ALD,8,2022,Womens Watches,47108.32
ALD,8,2023,Womens Watches,22797.9
ALD,9,2021,Womens Watches,34222.6
ALD,9,2022,Womens Watches,32604.54
ALD,9,2023,Womens Watches,17081.09
ALD,10,2021,Womens Watches,25052.85
ALD,10,2022,Womens Watches,20211.84
ALD,10,2023,Womens Watches,32082.66
ALD,11,2021,Womens Watches,14234.28
ALD,11,2022,Womens Watches,11598.85
ALD,11,2023,Womens Watches,52772.62
ALD,12,2021,Womens Watches,7977.610000000001
ALD,12,2022,Womens Watches,32414.95
ALD,12,2023,Womens Watches,16643.55
ALE,1,2022,Watches,9719.85
ALE,1,2023,Watches,21162.94
ALE,1,2024,Watches,15285.45
ALE,2,2021,Watches,2687.55
ALE,2,2022,Watches,9159.73
ALE,2,2023,Watches,17595.42
ALE,3,2021,Watches,5167.2
ALE,3,2022,Watches,8574.85
ALE,3,2023,Watches,21851.05
ALE,4,2021,Watches,6720.0
ALE,4,2022,Watches,13641.9
ALE,4,2023,Watches,15035.35
ALE,5,2021,Watches,4043.9
ALE,5,2022,Watches,15927.85
ALE,5,2023,Watches,17198.46
ALE,6,2021,Watches,5513.0
ALE,6,2022,Watches,11476.6
ALE,6,2023,Watches,24475.23
ALE,7,2021,Watches,8044.65
ALE,7,2022,Watches,18502.16
ALE,7,2023,Watches,17677.760000000002
ALE,8,2021,Watches,8021.05
ALE,8,2022,Watches,12070.41
ALE,8,2023,Watches,22601.98
ALE,9,2021,Watches,10081.8
ALE,9,2022,Watches,16481.35
ALE,9,2023,Watches,9401.38
ALE,10,2021,Watches,6056.05
ALE,10,2022,Watches,13550.14
ALE,10,2023,Watches,9216.88
ALE,11,2021,Watches,13082.54
ALE,11,2022,Watches,15667.45
ALE,11,2023,Watches,11233.6
ALE,12,2021,Watches,15466.0
ALE,12,2022,Watches,15701.45
ALE,12,2023,Watches,15381.21
APDP,1,2022,Lawn and Garden Supplies,29287.35
APDP,1,2023,Lawn and Garden Supplies,25784.64
APDP,1,2024,Lawn and Garden Supplies,20457.15
APDP,2,2021,Lawn and Garden Supplies,17039.87
APDP,2,2022,Lawn and Garden Supplies,24899.68
APDP,2,2023,Lawn and Garden Supplies,22091.350000000002
APDP,3,2021,Lawn and Garden Supplies,24558.21
APDP,3,2022,Lawn and Garden Supplies,28108.48
APDP,3,2023,Lawn and Garden Supplies,29017.45
APDP,4,2021,Lawn and Garden Supplies,22911.05
APDP,4,2022,Lawn and Garden Supplies,23732.75
APDP,4,2023,Lawn and Garden Supplies,24763.99
APDP,5,2021,Lawn and Garden Supplies,22448.64
APDP,5,2022,Lawn and Garden Supplies,36046.32
APDP,5,2023,Lawn and Garden Supplies,32393.21
APDP,6,2021,Lawn and Garden Supplies,25631.82
APDP,6,2022,Lawn and Garden Supplies,32333.03
APDP,6,2023,Lawn and Garden Supplies,19844.86
APDP,7,2021,Lawn and Garden Supplies,34622.26
APDP,7,2022,Lawn and Garden Supplies,36400.99
APDP,7,2023,Lawn and Garden Supplies,31529.260000000002
APDP,8,2021,Lawn and Garden Supplies,28828.99
APDP,8,2022,Lawn and Garden Supplies,32504.88
APDP,8,2023,Lawn and Garden Supplies,32326.52
APDP,9,2021,Lawn and Garden Supplies,28057.5
APDP,9,2022,Lawn and Garden Supplies,30610.84
APDP,9,2023,Lawn and Garden Supplies,20756.71
APDP,10,2021,Lawn and Garden Supplies,26752.21
APDP,10,2022,Lawn and Garden Supplies,34090.35
APDP,10,2023,Lawn and Garden Supplies,25769.84
APDP,11,2021,Lawn and Garden Supplies,23859.63
APDP,11,2022,Lawn and Garden Supplies,26040.64
APDP,11,2023,Lawn and Garden Supplies,24377.28
APDP,12,2021,Lawn and Garden Supplies,25135.54
APDP,12,2022,Lawn and Garden Supplies,19795.68
APDP,12,2023,Lawn and Garden Supplies,29100.93
BB,1,2022,Tools,9267.25
BB,1,2023,Tools,13397.97
BB,1,2024,Tools,6885.49
BB,2,2021,Tools,6323.89
BB,2,2022,Tools,8960.2
BB,2,2023,Tools,12956.380000000001
BB,3,2021,Tools,5435.7300000000005
BB,3,2022,Tools,10166.96
BB,3,2023,Tools,12642.23
BB,4,2021,Tools,6473.75
BB,4,2022,Tools,9619.21
BB,4,2023,Tools,8807.64
BB,5,2021,Tools,6759.23
BB,5,2022,Tools,11433.36
BB,5,2023,Tools,10023.69
BB,6,2021,Tools,7398.54
BB,6,2022,Tools,16552.68
BB,6,2023,Tools,9616.48
BB,7,2021,Tools,11211.44
BB,7,2022,Tools,8302.95
BB,7,2023,Tools,8961.89
BB,8,2021,Tools,9563.55
BB,8,2022,Tools,11093.9
BB,8,2023,Tools,11863.78
BB,9,2021,Tools,8345.98
BB,9,2022,Tools,8674.24
BB,9,2023,Tools,8625.17
BB,10,2021,Tools,8053.66
BB,10,2022,Tools,9376.75
BB,10,2023,Tools,9725.6
BB,11,2021,Tools,10956.22
BB,11,2022,Tools,9049.16
BB,11,2023,Tools,11621.19
BB,12,2021,Tools,10076.25
BB,12,2022,Tools,9687.48
BB,12,2023,Tools,11568.25
CAE,1,2022,Kitchen Appliances,23698.05
CAE,1,2023,Kitchen Appliances,6334.0
CAE,1,2024,Kitchen Appliances,26689.510000000002
CAE,2,2021,Kitchen Appliances,23690.0
CAE,2,2022,Kitchen Appliances,39573.8
CAE,2,2023,Kitchen Appliances,26487.9
CAE,3,2021,Kitchen Appliances,12400.0
CAE,3,2022,Kitchen Appliances,33247.05
CAE,3,2023,Kitchen Appliances,35050.0
CAE,4,2021,Kitchen Appliances,17620.0
CAE,4,2022,Kitchen Appliances,25249.0
CAE,4,2023,Kitchen Appliances,15208.05
CAE,5,2021,Kitchen Appliances,17980.0
CAE,5,2022,Kitchen Appliances,56246.0
CAE,5,2023,Kitchen Appliances,35816.98
CAE,6,2021,Kitchen Appliances,5900.0
CAE,6,2022,Kitchen Appliances,15793.5
CAE,6,2023,Kitchen Appliances,51097.0
CAE,7,2021,Kitchen Appliances,5800.0
CAE,7,2022,Kitchen Appliances,27799.0
CAE,7,2023,Kitchen Appliances,13426.0
CAE,8,2021,Kitchen Appliances,26044.5
CAE,8,2022,Kitchen Appliances,38156.0
CAE,8,2023,Kitchen Appliances,14400.0
CAE,9,2021,Kitchen Appliances,31394.0
CAE,9,2022,Kitchen Appliances,43998.0
CAE,9,2023,Kitchen Appliances,14895.0
CAE,10,2021,Kitchen Appliances,6500.0
CAE,10,2022,Kitchen Appliances,7799.0
CAE,10,2023,Kitchen Appliances,22203.74
CAE,11,2021,Kitchen Appliances,30589.8
CAE,11,2022,Kitchen Appliances,31135.87
CAE,11,2023,Kitchen Appliances,55806.0
CAE,12,2021,Kitchen Appliances,10937.0
CAE,12,2023,Kitchen Appliances,66181.51
CAMF,1,2022,Hand Tools,33214.18
CAMF,1,2023,Hand Tools,58155.95
CAMF,1,2024,Hand Tools,28596.16
CAMF,2,2022,Hand Tools,32994.340000000004
CAMF,2,2023,Hand Tools,47645.74
CAMF,3,2022,Hand Tools,26924.17
CAMF,3,2023,Hand Tools,43651.84
CAMF,4,2022,Hand Tools,20160.63
CAMF,4,2023,Hand Tools,22694.25
CAMF,5,2022,Hand Tools,14783.95
CAMF,5,2023,Hand Tools,26708.62
CAMF,6,2022,Hand Tools,7020.76
CAMF,6,2023,Hand Tools,10969.289999999999
CAMF,7,2022,Hand Tools,12825.23
CAMF,7,2023,Hand Tools,12069.039999999999
CAMF,8,2021,Hand Tools,1446.91
CAMF,8,2022,Hand Tools,13556.98
CAMF,8,2023,Hand Tools,21743.31
CAMF,9,2021,Hand Tools,8573.85
CAMF,9,2022,Hand Tools,18065.06
CAMF,9,2023,Hand Tools,30126.329999999998
CAMF,10,2021,Hand Tools,12865.390000000001
CAMF,10,2022,Hand Tools,33644.65
CAMF,10,2023,Hand Tools,20572.21
CAMF,11,2021,Hand Tools,24486.93
CAMF,11,2022,Hand Tools,42843.55
CAMF,11,2023,Hand Tools,32184.75
CAMF,12,2021,Hand Tools,53285.05
CAMF,12,2022,Hand Tools,93820.83
CAMF,12,2023,Hand Tools,62476.74
CBE,1,2022,Consoles,38829.08
CBE,1,2023,Consoles,50005.15
CBE,1,2024,Consoles,25413.67
CBE,2,2021,Consoles,16943.61
CBE,2,2022,Consoles,42059.19
CBE,2,2023,Consoles,29488.54
CBE,3,2021,Consoles,26935.2
CBE,3,2022,Consoles,30494.35
CBE,3,2023,Consoles,43817.07
CBE,4,2021,Consoles,24496.14
CBE,4,2022,Consoles,34485.4
CBE,4,2023,Consoles,32078.3
CBE,5,2021,Consoles,21162.1
CBE,5,2022,Consoles,33173.35
CBE,5,2023,Consoles,34094.03
CBE,6,2021,Consoles,16668.45
CBE,6,2022,Consoles,41943.97
CBE,6,2023,Consoles,34306.97
CBE,7,2021,Consoles,20466.8
CBE,7,2022,Consoles,26312.81
CBE,7,2023,Consoles,29559.79
CBE,8,2021,Consoles,38639.2
CBE,8,2022,Consoles,41401.26
CBE,8,2023,Consoles,51223.01
CBE,9,2021,Consoles,28604.0
CBE,9,2022,Consoles,39895.87
CBE,9,2023,Consoles,32399.78
CBE,10,2021,Consoles,26533.93
CBE,10,2022,Consoles,32811.47
CBE,10,2023,Consoles,35052.69
CBE,11,2021,Consoles,21937.33
CBE,11,2022,Consoles,25594.34
CBE,11,2023,Consoles,32782.91
CBE,12,2021,Consoles,33549.21
CBE,12,2022,Consoles,42977.4
CBE,12,2023,Consoles,31494.19
CBP,1,2022,Musical Accessories,11690.94
CBP,1,2023,Musical Accessories,14956.21
CBP,1,2024,Musical Accessories,17598.94
CBP,2,2021,Musical Accessories,6010.7
CBP,2,2022,Musical Accessories,11842.05
CBP,2,2023,Musical Accessories,14369.56
CBP,3,2021,Musical Accessories,8391.039999999999
CBP,3,2022,Musical Accessories,14990.210000000001
CBP,3,2023,Musical Accessories,19486.68
CBP,4,2021,Musical Accessories,6213.39
CBP,4,2022,Musical Accessories,13378.27
CBP,4,2023,Musical Accessories,11300.27
CBP,5,2021,Musical Accessories,7746.8
CBP,5,2022,Musical Accessories,14676.68
CBP,5,2023,Musical Accessories,19507.17
CBP,6,2021,Musical Accessories,11295.54
CBP,6,2022,Musical Accessories,10680.05
CBP,6,2023,Musical Accessories,15230.87
CBP,7,2021,Musical Accessories,10688.460000000001
CBP,7,2022,Musical Accessories,12418.16
CBP,7,2023,Musical Accessories,19646.45
CBP,8,2021,Musical Accessories,10765.34
CBP,8,2022,Musical Accessories,13727.16
CBP,8,2023,Musical Accessories,19063.73
CBP,9,2021,Musical Accessories,13257.78
CBP,9,2022,Musical Accessories,15368.21
CBP,9,2023,Musical Accessories,16792.48
CBP,10,2021,Musical Accessories,11773.75
CBP,10,2022,Musical Accessories,14481.15
CBP,10,2023,Musical Accessories,15501.82
CBP,11,2021,Musical Accessories,11624.47
CBP,11,2022,Musical Accessories,12295.539999999999
CBP,11,2023,Musical Accessories,19375.15
CBP,12,2021,Musical Accessories,11889.15
CBP,12,2022,Musical Accessories,11667.16
CBP,12,2023,Musical Accessories,19043.11
CCOF,1,2022,Jewelry,18945.87
CCOF,1,2023,Jewelry,39667.05
CCOF,1,2024,Jewelry,15394.18
CCOF,2,2021,Jewelry,269.70000000000005
CCOF,2,2022,Jewelry,17729.6
CCOF,2,2023,Jewelry,25082.850000000002
CCOF,3,2021,Jewelry,101.7
CCOF,3,2022,Jewelry,19502.34
CCOF,3,2023,Jewelry,23242.440000000002
CCOF,4,2021,Jewelry,69.9
CCOF,4,2022,Jewelry,19998.27
CCOF,4,2023,Jewelry,11763.0
CCOF,5,2022,Jewelry,16893.81
CCOF,5,2023,Jewelry,13206.77
CCOF,6,2021,Jewelry,303.8
CCOF,6,2022,Jewelry,6658.63
CCOF,6,2023,Jewelry,7970.88
CCOF,7,2021,Jewelry,1950.1000000000001
CCOF,7,2022,Jewelry,10503.34
CCOF,7,2023,Jewelry,9841.37
CCOF,8,2021,Jewelry,3756.06
CCOF,8,2022,Jewelry,15802.82
CCOF,8,2023,Jewelry,9343.53
CCOF,9,2021,Jewelry,4872.35
CCOF,9,2022,Jewelry,15203.9
CCOF,9,2023,Jewelry,9148.85
CCOF,10,2021,Jewelry,12666.4
CCOF,10,2022,Jewelry,19012.7
CCOF,10,2023,Jewelry,10676.66
CCOF,11,2021,Jewelry,12345.83
CCOF,11,2022,Jewelry,16824.25
CCOF,11,2023,Jewelry,11342.5
CCOF,12,2021,Jewelry,29592.66
CCOF,12,2022,Jewelry,41692.38
CCOF,12,2023,Jewelry,33203.6
CPOC,1,2022,Video Games,14599.97
CPOC,1,2023,Video Games,18542.39
CPOC,1,2024,Video Games,14043.42
CPOC,2,2021,Video Games,10885.99
CPOC,2,2022,Video Games,12832.03
CPOC,2,2023,Video Games,15871.19
CPOC,3,2021,Video Games,12000.41
CPOC,3,2022,Video Games,17207.47
CPOC,3,2023,Video Games,19085.71
CPOC,4,2021,Video Games,11642.37
CPOC,4,2022,Video Games,16143.83
CPOC,4,2023,Video Games,18552.85
CPOC,5,2021,Video Games,9720.6
CPOC,5,2022,Video Games,14685.04
CPOC,5,2023,Video Games,17269.48
CPOC,6,2021,Video Games,9972.9
CPOC,6,2022,Video Games,11558.3
CPOC,6,2023,Video Games,13871.94
CPOC,7,2021,Video Games,10923.05
CPOC,7,2022,Video Games,12584.53
CPOC,7,2023,Video Games,13559.92
CPOC,8,2021,Video Games,10671.48
CPOC,8,2022,Video Games,14903.57
CPOC,8,2023,Video Games,17548.9
CPOC,9,2021,Video Games,13840.86
CPOC,9,2022,Video Games,14547.76
CPOC,9,2023,Video Games,13425.38
CPOC,10,2021,Video Games,12560.42
CPOC,10,2022,Video Games,14878.08
CPOC,10,2023,Video Games,15683.5
CPOC,11,2021,Video Games,15565.91
CPOC,11,2022,Video Games,17869.68
CPOC,11,2023,Video Games,15637.62
CPOC,12,2021,Video Games,13146.85
CPOC,12,2022,Video Games,16920.7
CPOC,12,2023,Video Games,11321.789999999999
CR,1,2022,Jewelry,22087.0
CR,1,2023,Jewelry,24019.4
CR,1,2024,Jewelry,30241.5
CR,2,2022,Jewelry,12994.0
CR,2,2023,Jewelry,5005.0
CR,3,2021,Jewelry,3230.0
CR,3,2022,Jewelry,28421.93
CR,3,2023,Jewelry,6326.0
CR,4,2021,Jewelry,10029.0
CR,4,2022,Jewelry,21886.0
CR,4,2023,Jewelry,21188.0
CR,5,2021,Jewelry,7020.0
CR,5,2022,Jewelry,18358.0
CR,5,2023,Jewelry,32501.88
CR,6,2021,Jewelry,3200.0
CR,6,2022,Jewelry,14954.8
CR,6,2023,Jewelry,24828.05
CR,7,2021,Jewelry,7087.5
CR,7,2022,Jewelry,12664.0
CR,7,2023,Jewelry,15890.0
CR,8,2021,Jewelry,3400.0
CR,8,2022,Jewelry,12999.0
CR,8,2023,Jewelry,20526.4
CR,9,2021,Jewelry,10079.0
CR,9,2022,Jewelry,25367.0
CR,9,2023,Jewelry,26830.0
CR,10,2021,Jewelry,6096.0
CR,10,2022,Jewelry,17319.0
CR,10,2023,Jewelry,13893.68
CR,11,2021,Jewelry,24449.7
CR,11,2022,Jewelry,18335.0
CR,11,2023,Jewelry,33287.04
CR,12,2021,Jewelry,10514.0
CR,12,2022,Jewelry,25652.14
CR,12,2023,Jewelry,18403.15
CRM,1,2022,Vehicle Accessories,5737.35
CRM,1,2023,Vehicle Accessories,5767.96
CRM,1,2024,Vehicle Accessories,9003.8
CRM,2,2021,Vehicle Accessories,11044.43
CRM,2,2022,Vehicle Accessories,15639.54
CRM,2,2023,Vehicle Accessories,3153.0
CRM,3,2021,Vehicle Accessories,9322.26
CRM,3,2022,Vehicle Accessories,4744.75
CRM,3,2023,Vehicle Accessories,5663.75
CRM,4,2021,Vehicle Accessories,10238.4
CRM,4,2022,Vehicle Accessories,12133.3
CRM,4,2023,Vehicle Accessories,3497.33
CRM,5,2021,Vehicle Accessories,5026.25
CRM,5,2022,Vehicle Accessories,16433.6
CRM,5,2023,Vehicle Accessories,4763.21
CRM,6,2021,Vehicle Accessories,7623.13
CRM,6,2022,Vehicle Accessories,11931.75
CRM,6,2023,Vehicle Accessories,3313.0
CRM,7,2021,Vehicle Accessories,8292.85
CRM,7,2022,Vehicle Accessories,14091.0
CRM,7,2023,Vehicle Accessories,8206.61
CRM,8,2021,Vehicle Accessories,7532.93
CRM,8,2022,Vehicle Accessories,9265.3
CRM,8,2023,Vehicle Accessories,6187.42
CRM,9,2021,Vehicle Accessories,13017.0
CRM,9,2022,Vehicle Accessories,13282.5
CRM,9,2023,Vehicle Accessories,6532.95
CRM,10,2021,Vehicle Accessories,7894.91
CRM,10,2022,Vehicle Accessories,12962.75
CRM,10,2023,Vehicle Accessories,3697.55
CRM,11,2021,Vehicle Accessories,3690.55
CRM,11,2022,Vehicle Accessories,4820.47
CRM,11,2023,Vehicle Accessories,22371.65
CRM,12,2021,Vehicle Accessories,9805.54
CRM,12,2022,Vehicle Accessories,12833.19
CRM,12,2023,Vehicle Accessories,6113.4
CRS,1,2022,Wall Decor,17989.75
CRS,1,2023,Wall Decor,7257.0
CRS,1,2024,Wall Decor,10133.61
CRS,2,2021,Wall Decor,13115.6
CRS,2,2022,Wall Decor,10985.05
CRS,2,2023,Wall Decor,15934.2
CRS,3,2021,Wall Decor,21912.65
CRS,3,2022,Wall Decor,18795.75
CRS,3,2023,Wall Decor,8957.25
CRS,4,2021,Wall Decor,13823.25
CRS,4,2022,Wall Decor,26322.1
CRS,4,2023,Wall Decor,13297.29
CRS,5,2021,Wall Decor,20980.91
CRS,5,2022,Wall Decor,14778.85
CRS,5,2023,Wall Decor,16663.54
CRS,6,2021,Wall Decor,8939.6
CRS,6,2022,Wall Decor,12272.45
CRS,6,2023,Wall Decor,10698.0
CRS,7,2021,Wall Decor,14613.85
CRS,7,2022,Wall Decor,13928.0
CRS,7,2023,Wall Decor,15601.39
CRS,8,2021,Wall Decor,18635.8
CRS,8,2022,Wall Decor,10873.35
CRS,8,2023,Wall Decor,10388.46
CRS,9,2021,Wall Decor,15617.9
CRS,9,2022,Wall Decor,12558.3
CRS,9,2023,Wall Decor,7841.0
CRS,10,2021,Wall Decor,21070.65
CRS,10,2022,Wall Decor,9835.68
CRS,10,2023,Wall Decor,7874.55
CRS,11,2021,Wall Decor,22824.5
CRS,11,2022,Wall Decor,11500.15
CRS,11,2023,Wall Decor,4568.85
CRS,12,2021,Wall Decor,38346.6
CRS,12,2022,Wall Decor,11131.630000000001
CRS,12,2023,Wall Decor,13557.15
CS,1,2022,Bathroom Fixtures,76952.07
CS,1,2023,Bathroom Fixtures,136831.22
CS,1,2024,Bathroom Fixtures,101336.98
CS,2,2021,Bathroom Fixtures,44817.79
CS,2,2022,Bathroom Fixtures,71079.73
CS,2,2023,Bathroom Fixtures,113353.59999999999
CS,3,2021,Bathroom Fixtures,39631.61
CS,3,2022,Bathroom Fixtures,92234.92
CS,3,2023,Bathroom Fixtures,143477.16999999998
CS,4,2021,Bathroom Fixtures,57842.02
CS,4,2022,Bathroom Fixtures,131939.86
CS,4,2023,Bathroom Fixtures,123656.17
CS,5,2021,Bathroom Fixtures,77952.26
CS,5,2022,Bathroom Fixtures,136925.41
CS,5,2023,Bathroom Fixtures,166420.29
CS,6,2021,Bathroom Fixtures,91709.17
CS,6,2022,Bathroom Fixtures,132806.37
CS,6,2023,Bathroom Fixtures,143457.36
CS,7,2021,Bathroom Fixtures,105772.18
CS,7,2022,Bathroom Fixtures,119850.42
CS,7,2023,Bathroom Fixtures,130135.92
CS,8,2021,Bathroom Fixtures,125255.9
CS,8,2022,Bathroom Fixtures,181620.16
CS,8,2023,Bathroom Fixtures,210036.25
CS,9,2021,Bathroom Fixtures,90225.51
CS,9,2022,Bathroom Fixtures,123150.73
CS,9,2023,Bathroom Fixtures,129235.15
CS,10,2021,Bathroom Fixtures,103721.37
CS,10,2022,Bathroom Fixtures,133166.0
CS,10,2023,Bathroom Fixtures,106915.43
CS,11,2021,Bathroom Fixtures,101232.06
CS,11,2022,Bathroom Fixtures,108596.70999999999
CS,11,2023,Bathroom Fixtures,122362.26999999999
CS,12,2021,Bathroom Fixtures,149512.57
CS,12,2022,Bathroom Fixtures,187529.82
CS,12,2023,Bathroom Fixtures,147764.82
CSF,1,2022,Watches,133039.38
CSF,1,2023,Watches,170635.36
CSF,1,2024,Watches,130058.79
CSF,2,2021,Watches,64960.82
CSF,2,2022,Watches,129901.89
CSF,2,2023,Watches,167608.66
CSF,3,2021,Watches,76728.15
CSF,3,2022,Watches,160263.01
CSF,3,2023,Watches,201376.16999999998
CSF,4,2021,Watches,100017.91
CSF,4,2022,Watches,230336.29
CSF,4,2023,Watches,248026.62
CSF,5,2021,Watches,158725.54
CSF,5,2022,Watches,286439.56
CSF,5,2023,Watches,318636.26
CSF,6,2021,Watches,135701.81
CSF,6,2022,Watches,215591.63
CSF,6,2023,Watches,222974.19
CSF,7,2021,Watches,157119.62
CSF,7,2022,Watches,245387.88
CSF,7,2023,Watches,213897.21
CSF,8,2021,Watches,147795.84
CSF,8,2022,Watches,278035.22
CSF,8,2023,Watches,226906.29
CSF,9,2021,Watches,183286.57
CSF,9,2022,Watches,211778.18
CSF,9,2023,Watches,197138.69
CSF,10,2021,Watches,184640.02
CSF,10,2022,Watches,190069.92
CSF,10,2023,Watches,161030.68
CSF,11,2021,Watches,172668.38999999998
CSF,11,2022,Watches,177662.96
CSF,11,2023,Watches,159043.44999999998
CSF,12,2021,Watches,223017.35
CSF,12,2022,Watches,226095.93
CSF,12,2023,Watches,204896.72999999998
CSFC,1,2022,Musical Instruments,13329.79
CSFC,1,2023,Musical Instruments,52196.43
CSFC,1,2024,Musical Instruments,50175.38
CSFC,2,2021,Musical Instruments,10553.460000000001
CSFC,2,2022,Musical Instruments,16427.59
CSFC,2,2023,Musical Instruments,48179.02
CSFC,3,2021,Musical Instruments,8534.6
CSFC,3,2022,Musical Instruments,24519.24
CSFC,3,2023,Musical Instruments,50662.34
CSFC,4,2021,Musical Instruments,5536.6
CSFC,4,2022,Musical Instruments,30054.12
CSFC,4,2023,Musical Instruments,43148.659999999996
CSFC,5,2021,Musical Instruments,10230.41
CSFC,5,2022,Musical Instruments,38886.45
CSFC,5,2023,Musical Instruments,69534.04
CSFC,6,2021,Musical Instruments,6971.3
CSFC,6,2022,Musical Instruments,24193.63
CSFC,6,2023,Musical Instruments,46550.71
CSFC,7,2021,Musical Instruments,10735.66
CSFC,7,2022,Musical Instruments,28869.23
CSFC,7,2023,Musical Instruments,39976.76
CSFC,8,2021,Musical Instruments,12412.74
CSFC,8,2022,Musical Instruments,44423.13
CSFC,8,2023,Musical Instruments,68629.06
CSFC,9,2021,Musical Instruments,15557.93
CSFC,9,2022,Musical Instruments,40621.43
CSFC,9,2023,Musical Instruments,42430.25
CSFC,10,2021,Musical Instruments,9662.44
CSFC,10,2022,Musical Instruments,36774.25
CSFC,10,2023,Musical Instruments,56177.4
CSFC,11,2021,Musical Instruments,7309.34
CSFC,11,2022,Musical Instruments,36266.57
CSFC,11,2023,Musical Instruments,47301.03
CSFC,12,2021,Musical Instruments,15493.0
CSFC,12,2022,Musical Instruments,60184.049999999996
CSFC,12,2023,Musical Instruments,59440.43
CSMC,1,2022,Sound Equipment,23127.27
CSMC,1,2023,Sound Equipment,58281.93
CSMC,1,2024,Sound Equipment,45641.26
CSMC,2,2021,Sound Equipment,2711.62
CSMC,2,2022,Sound Equipment,22132.15
CSMC,2,2023,Sound Equipment,38624.69
CSMC,3,2021,Sound Equipment,2383.2000000000003
CSMC,3,2022,Sound Equipment,26914.53
CSMC,3,2023,Sound Equipment,58892.85
CSMC,4,2021,Sound Equipment,2688.84
CSMC,4,2022,Sound Equipment,26360.27
CSMC,4,2023,Sound Equipment,40674.84
CSMC,5,2021,Sound Equipment,5550.7
CSMC,5,2022,Sound Equipment,18813.77
CSMC,5,2023,Sound Equipment,60104.299999999996
CSMC,6,2021,Sound Equipment,8206.95
CSMC,6,2022,Sound Equipment,27022.76
CSMC,6,2023,Sound Equipment,52768.03
CSMC,7,2021,Sound Equipment,7780.72
CSMC,7,2022,Sound Equipment,28451.62
CSMC,7,2023,Sound Equipment,48382.799999999996
CSMC,8,2021,Sound Equipment,8025.7300000000005
CSMC,8,2022,Sound Equipment,44368.049999999996
CSMC,8,2023,Sound Equipment,59433.21
CSMC,9,2021,Sound Equipment,8660.87
CSMC,9,2022,Sound Equipment,37782.72
CSMC,9,2023,Sound Equipment,58124.78
CSMC,10,2021,Sound Equipment,12694.6
CSMC,10,2022,Sound Equipment,41505.979999999996
CSMC,10,2023,Sound Equipment,59833.51
CSMC,11,2021,Sound Equipment,11303.48
CSMC,11,2022,Sound Equipment,44845.82
CSMC,11,2023,Sound Equipment,50584.9
CSMC,12,2021,Sound Equipment,38903.56
CSMC,12,2022,Sound Equipment,67620.62
CSMC,12,2023,Sound Equipment,68297.46
DAL,1,2022,Health and Wellness,13096.46
DAL,1,2023,Health and Wellness,9467.11
DAL,1,2024,Health and Wellness,5921.21
DAL,2,2021,Health and Wellness,9024.24
DAL,2,2022,Health and Wellness,9427.67
DAL,2,2023,Health and Wellness,7969.53
DAL,3,2021,Health and Wellness,16988.68
DAL,3,2022,Health and Wellness,10559.960000000001
DAL,3,2023,Health and Wellness,9452.84
DAL,4,2021,Health and Wellness,13813.09
DAL,4,2022,Health and Wellness,9565.61
DAL,4,2023,Health and Wellness,8014.79
DAL,5,2021,Health and Wellness,13849.97
DAL,5,2022,Health and Wellness,9298.73
DAL,5,2023,Health and Wellness,11146.1
DAL,6,2021,Health and Wellness,11371.96
DAL,6,2022,Health and Wellness,10037.97
DAL,6,2023,Health and Wellness,9941.1
DAL,7,2021,Health and Wellness,11503.75
DAL,7,2022,Health and Wellness,9797.97
DAL,7,2023,Health and Wellness,8087.32
DAL,8,2021,Health and Wellness,10295.33
DAL,8,2022,Health and Wellness,12630.27
DAL,8,2023,Health and Wellness,9654.61
DAL,9,2021,Health and Wellness,9109.49
DAL,9,2022,Health and Wellness,12523.48
DAL,9,2023,Health and Wellness,10195.52
DAL,10,2021,Health and Wellness,10286.65
DAL,10,2022,Health and Wellness,11125.5
DAL,10,2023,Health and Wellness,6684.2300000000005
DAL,11,2021,Health and Wellness,8794.53
DAL,11,2022,Health and Wellness,12204.15
DAL,11,2023,Health and Wellness,6251.47
DAL,12,2021,Health and Wellness,10091.09
DAL,12,2022,Health and Wellness,12244.2
DAL,12,2023,Health and Wellness,18737.260000000002
DAV,1,2022,Movies,15648.04
DAV,1,2023,Movies,7549.91
DAV,1,2024,Movies,3741.83
DAV,2,2021,Movies,6316.95
DAV,2,2022,Movies,12285.0
DAV,2,2023,Movies,6991.0
DAV,3,2021,Movies,35812.1
DAV,3,2022,Movies,9503.06
DAV,3,2023,Movies,8337.6
DAV,4,2021,Movies,36089.71
DAV,4,2022,Movies,7966.04
DAV,4,2023,Movies,4924.0
DAV,5,2021,Movies,20998.75
DAV,5,2022,Movies,8959.28
DAV,5,2023,Movies,7082.01
DAV,6,2021,Movies,31728.07
DAV,6,2022,Movies,5735.38
DAV,6,2023,Movies,7063.57
DAV,7,2021,Movies,6782.35
DAV,7,2022,Movies,7334.97
DAV,7,2023,Movies,5125.56
DAV,8,2021,Movies,7963.79
DAV,8,2022,Movies,9663.57
DAV,8,2023,Movies,6124.84
DAV,9,2021,Movies,9373.11
DAV,9,2022,Movies,6066.14
DAV,9,2023,Movies,5097.25
DAV,10,2021,Movies,8229.56
DAV,10,2022,Movies,7303.8
DAV,10,2023,Movies,5309.37
DAV,11,2021,Movies,8068.94
DAV,11,2022,Movies,6319.87
DAV,11,2023,Movies,4790.75
DAV,12,2021,Movies,5154.33
DAV,12,2022,Movies,4471.4
DAV,12,2023,Movies,7130.46
DESA,1,2022,Creativity,12941.69
DESA,1,2023,Creativity,11077.98
DESA,1,2024,Creativity,8615.36
DESA,2,2021,Creativity,4552.53
DESA,2,2022,Creativity,8355.21
DESA,2,2023,Creativity,10129.59
DESA,3,2021,Creativity,6040.31
DESA,3,2022,Creativity,9457.38
DESA,3,2023,Creativity,13489.18
DESA,4,2021,Creativity,5019.2699999999995
DESA,4,2022,Creativity,9245.210000000001
DESA,4,2023,Creativity,11513.21
DESA,5,2021,Creativity,6453.2
DESA,5,2022,Creativity,12008.92
DESA,5,2023,Creativity,15042.51
DESA,6,2021,Creativity,6884.82
DESA,6,2022,Creativity,10665.74
DESA,6,2023,Creativity,13022.6
DESA,7,2021,Creativity,7724.5599999999995
DESA,7,2022,Creativity,12567.82
DESA,7,2023,Creativity,15438.01
DESA,8,2021,Creativity,7626.41
DESA,8,2022,Creativity,14364.07
DESA,8,2023,Creativity,14484.49
DESA,9,2021,Creativity,7402.64
DESA,9,2022,Creativity,12862.92
DESA,9,2023,Creativity,13331.67
DESA,10,2021,Creativity,8352.45
DESA,10,2022,Creativity,9852.38
DESA,10,2023,Creativity,11585.16
DESA,11,2021,Creativity,8463.29
DESA,11,2022,Creativity,12281.55
DESA,11,2023,Creativity,13544.35
DESA,12,2021,Creativity,10363.66
DESA,12,2022,Creativity,12968.71
DESA,12,2023,Creativity,10318.65
DET,1,2022,Entertainment,14549.14
DET,1,2023,Entertainment,20462.53
DET,1,2024,Entertainment,19527.25
DET,2,2021,Entertainment,4807.46
DET,2,2022,Entertainment,15423.210000000001
DET,2,2023,Entertainment,19875.16
DET,3,2021,Entertainment,14241.53
DET,3,2022,Entertainment,16775.4
DET,3,2023,Entertainment,21421.73
DET,4,2021,Entertainment,8875.27
DET,4,2022,Entertainment,16841.89
DET,4,2023,Entertainment,19362.8
DET,5,2021,Entertainment,8455.95
DET,5,2022,Entertainment,15156.3
DET,5,2023,Entertainment,24277.63
DET,6,2021,Entertainment,9000.47
DET,6,2022,Entertainment,15171.109999999999
DET,6,2023,Entertainment,25532.38
DET,7,2021,Entertainment,9612.97
DET,7,2022,Entertainment,15321.22
DET,7,2023,Entertainment,25584.87
DET,8,2021,Entertainment,9287.06
DET,8,2022,Entertainment,18090.56
DET,8,2023,Entertainment,24630.29
DET,9,2021,Entertainment,11523.19
DET,9,2022,Entertainment,18190.8
DET,9,2023,Entertainment,24369.06
DET,10,2021,Entertainment,11020.73
DET,10,2022,Entertainment,17411.03
DET,10,2023,Entertainment,25834.29
DET,11,2021,Entertainment,13225.06
DET,11,2022,Entertainment,20058.31
DET,11,2023,Entertainment,19224.02
DET,12,2021,Entertainment,15462.25
DET,12,2022,Entertainment,22494.1
DET,12,2023,Entertainment,20575.67
DFM,1,2022,Construction Equipment,13037.34
DFM,1,2023,Construction Equipment,14761.96
DFM,1,2024,Construction Equipment,10145.89
DFM,2,2021,Construction Equipment,5119.2
DFM,2,2022,Construction Equipment,12890.07
DFM,2,2023,Construction Equipment,13439.3
DFM,3,2021,Construction Equipment,5881.28
DFM,3,2022,Construction Equipment,14395.2
DFM,3,2023,Construction Equipment,14274.59
DFM,4,2021,Construction Equipment,5472.55
DFM,4,2022,Construction Equipment,11435.29
DFM,4,2023,Construction Equipment,13520.34
DFM,5,2021,Construction Equipment,6527.6
DFM,5,2022,Construction Equipment,19469.45
DFM,5,2023,Construction Equipment,14684.19
DFM,6,2021,Construction Equipment,6160.08
DFM,6,2022,Construction Equipment,10874.01
DFM,6,2023,Construction Equipment,12116.61
DFM,7,2021,Construction Equipment,6780.76
DFM,7,2022,Construction Equipment,11736.99
DFM,7,2023,Construction Equipment,13763.789999999999
DFM,8,2021,Construction Equipment,7033.87
DFM,8,2022,Construction Equipment,18567.36
DFM,8,2023,Construction Equipment,15902.8
DFM,9,2021,Construction Equipment,9803.16
DFM,9,2022,Construction Equipment,16911.22
DFM,9,2023,Construction Equipment,13866.82
DFM,10,2021,Construction Equipment,12040.12
DFM,10,2022,Construction Equipment,16503.3
DFM,10,2023,Construction Equipment,14435.02
DFM,11,2021,Construction Equipment,11723.18
DFM,11,2022,Construction Equipment,15490.58
DFM,11,2023,Construction Equipment,12026.92
DFM,12,2021,Construction Equipment,11988.48
DFM,12,2022,Construction Equipment,17114.63
DFM,12,2023,Construction Equipment,11854.69
DLN,1,2022,Office Supplies,29512.39
DLN,1,2023,Office Supplies,19876.98
DLN,1,2024,Office Supplies,21653.26
DLN,2,2021,Office Supplies,29975.0
DLN,2,2022,Office Supplies,26042.81
DLN,2,2023,Office Supplies,19616.53
DLN,3,2021,Office Supplies,65113.1
DLN,3,2022,Office Supplies,25946.88
DLN,3,2023,Office Supplies,21108.22
DLN,4,2021,Office Supplies,34770.700000000004
DLN,4,2022,Office Supplies,29354.149999999998
DLN,4,2023,Office Supplies,20450.829999999998
DLN,5,2021,Office Supplies,40045.700000000004
DLN,5,2022,Office Supplies,26529.36
DLN,5,2023,Office Supplies,23997.81
DLN,6,2021,Office Supplies,28814.07
DLN,6,2022,Office Supplies,20476.5
DLN,6,2023,Office Supplies,22556.36
DLN,7,2021,Office Supplies,26221.54
DLN,7,2022,Office Supplies,18626.46
DLN,7,2023,Office Supplies,21238.079999999998
DLN,8,2021,Office Supplies,31026.4
DLN,8,2022,Office Supplies,20083.99
DLN,8,2023,Office Supplies,23559.55
DLN,9,2021,Office Supplies,31344.780000000002
DLN,9,2022,Office Supplies,18293.44
DLN,9,2023,Office Supplies,22377.2
DLN,10,2021,Office Supplies,33612.71
DLN,10,2022,Office Supplies,19503.079999999998
DLN,10,2023,Office Supplies,25861.35
DLN,11,2021,Office Supplies,25370.739999999998
DLN,11,2022,Office Supplies,21480.0
DLN,11,2023,Office Supplies,28077.28
DLN,12,2021,Office Supplies,27385.68
DLN,12,2022,Office Supplies,21683.97
DLN,12,2023,Office Supplies,22809.02
DLR,1,2022,Rings,18003.87
DLR,1,2023,Rings,25666.05
DLR,1,2024,Rings,13615.37
DLR,2,2021,Rings,12012.45
DLR,2,2022,Rings,17288.78
DLR,2,2023,Rings,18849.74
DLR,3,2021,Rings,12448.66
DLR,3,2022,Rings,19722.29
DLR,3,2023,Rings,21325.06
DLR,4,2021,Rings,10469.03
DLR,4,2022,Rings,23050.5
DLR,4,2023,Rings,22446.86
DLR,5,2021,Rings,16787.82
DLR,5,2022,Rings,20417.1
DLR,5,2023,Rings,20424.76
DLR,6,2021,Rings,12600.44
DLR,6,2022,Rings,15858.84
DLR,6,2023,Rings,21795.32
DLR,7,2021,Rings,12244.09
DLR,7,2022,Rings,17285.72
DLR,7,2023,Rings,16552.01
DLR,8,2021,Rings,15019.09
DLR,8,2022,Rings,19190.95
DLR,8,2023,Rings,19178.66
DLR,9,2021,Rings,18088.64
DLR,9,2022,Rings,20911.04
DLR,9,2023,Rings,17747.84
DLR,10,2021,Rings,16260.83
DLR,10,2022,Rings,22192.62
DLR,10,2023,Rings,20513.97
DLR,11,2021,Rings,20495.09
DLR,11,2022,Rings,24658.22
DLR,11,2023,Rings,17216.5
DLR,12,2021,Rings,12682.0
DLR,12,2022,Rings,13333.11
DLR,12,2023,Rings,14869.39
DMA,1,2022,Movies,214045.02
DMA,1,2023,Movies,18721.68
DMA,1,2024,Movies,3056.62
DMA,2,2021,Movies,185231.57
DMA,2,2022,Movies,177000.55
DMA,2,2023,Movies,12062.74
DMA,3,2021,Movies,311689.99
DMA,3,2022,Movies,93721.5
DMA,3,2023,Movies,12997.12
DMA,4,2021,Movies,201460.64
DMA,4,2022,Movies,64039.9
DMA,4,2023,Movies,8455.21
DMA,5,2021,Movies,202266.92
DMA,5,2022,Movies,63274.18
DMA,5,2023,Movies,15298.73
DMA,6,2021,Movies,165702.9
DMA,6,2022,Movies,75837.52
DMA,6,2023,Movies,5969.07
DMA,7,2021,Movies,147947.2
DMA,7,2022,Movies,61056.26
DMA,7,2023,Movies,4597.7699999999995
DMA,8,2021,Movies,149353.59
DMA,8,2022,Movies,49676.93
DMA,8,2023,Movies,4658.7699999999995
DMA,9,2021,Movies,160784.91999999998
DMA,9,2022,Movies,34718.03
DMA,9,2023,Movies,3664.67
DMA,10,2021,Movies,146111.0
DMA,10,2022,Movies,17845.92
DMA,10,2023,Movies,5001.92
DMA,11,2021,Movies,146835.19
DMA,11,2022,Movies,51421.94
DMA,11,2023,Movies,4080.66
DMA,12,2021,Movies,169126.63
DMA,12,2022,Movies,30530.92
DMA,12,2023,Movies,3637.99
DMAI,1,2022,Security,14247.609999999999
DMAI,1,2023,Security,390.32
DMAI,2,2021,Security,16821.62
DMAI,2,2022,Security,28732.05
DMAI,2,2023,Security,188.84
DMAI,3,2021,Security,27336.45
DMAI,3,2022,Security,3867.94
DMAI,3,2023,Security,157.95
DMAI,4,2021,Security,22304.24
DMAI,4,2022,Security,414.14
DMAI,4,2023,Security,177.6
DMAI,5,2021,Security,27053.14
DMAI,5,2022,Security,2635.3199999999997
DMAI,5,2023,Security,372.42
DMAI,6,2021,Security,22053.43
DMAI,6,2022,Security,4671.73
DMAI,6,2023,Security,179.7
DMAI,7,2021,Security,16432.55
DMAI,7,2022,Security,3054.15
DMAI,7,2023,Security,136.42
DMAI,8,2021,Security,21152.62
DMAI,8,2022,Security,2318.6
DMAI,8,2023,Security,67.1
DMAI,9,2021,Security,23036.46
DMAI,9,2022,Security,1452.62
DMAI,9,2023,Security,117.19999999999999
DMAI,10,2021,Security,18919.84
DMAI,10,2022,Security,591.6999999999999
DMAI,10,2023,Security,45.5
DMAI,11,2021,Security,16521.21
DMAI,11,2022,Security,1847.99
DMAI,11,2023,Security,67.1
DMAI,12,2021,Security,10528.98
DMAI,12,2022,Security,881.31
DMAI,12,2023,Security,77.2
DMR,1,2022,Automotive Repair,219647.02
DMR,1,2023,Automotive Repair,7446.82
DMR,1,2024,Automotive Repair,1192.48
DMR,2,2021,Automotive Repair,62184.07
DMR,2,2022,Automotive Repair,91855.83
DMR,2,2023,Automotive Repair,4290.0
DMR,3,2021,Automotive Repair,260262.55
DMR,3,2022,Automotive Repair,43473.16
DMR,3,2023,Automotive Repair,4717.46
DMR,4,2021,Automotive Repair,187394.04
DMR,4,2022,Automotive Repair,28912.1
DMR,4,2023,Automotive Repair,3056.38
DMR,5,2021,Automotive Repair,162385.38
DMR,5,2022,Automotive Repair,34162.0
DMR,5,2023,Automotive Repair,3525.7
DMR,6,2021,Automotive Repair,120777.75
DMR,6,2022,Automotive Repair,35802.55
DMR,6,2023,Automotive Repair,3152.3
DMR,7,2021,Automotive Repair,89661.78
DMR,7,2022,Automotive Repair,26158.67
DMR,7,2023,Automotive Repair,1996.92
DMR,8,2021,Automotive Repair,96758.55
DMR,8,2022,Automotive Repair,19822.36
DMR,8,2023,Automotive Repair,1898.07
DMR,9,2021,Automotive Repair,87226.95
DMR,9,2022,Automotive Repair,11297.16
DMR,9,2023,Automotive Repair,2050.47
DMR,10,2021,Automotive Repair,67381.85
DMR,10,2022,Automotive Repair,7598.57
DMR,10,2023,Automotive Repair,2069.53
DMR,11,2021,Automotive Repair,57139.69
DMR,11,2022,Automotive Repair,19091.22
DMR,11,2023,Automotive Repair,1636.3
DMR,12,2021,Automotive Repair,87306.23
DMR,12,2022,Automotive Repair,18417.34
DMR,12,2023,Automotive Repair,1055.57
DSF,1,2022,Pet Food,7744.52
DSF,1,2023,Pet Food,9297.46
DSF,1,2024,Pet Food,6780.37
DSF,2,2021,Pet Food,5441.77
DSF,2,2022,Pet Food,6343.25
DSF,2,2023,Pet Food,8104.63
DSF,3,2021,Pet Food,5965.91
DSF,3,2022,Pet Food,9817.19
DSF,3,2023,Pet Food,9505.23
DSF,4,2021,Pet Food,5160.37
DSF,4,2022,Pet Food,9428.42
DSF,4,2023,Pet Food,9447.87
DSF,5,2021,Pet Food,6984.71
DSF,5,2022,Pet Food,10843.52
DSF,5,2023,Pet Food,10807.04
DSF,6,2021,Pet Food,7450.5599999999995
DSF,6,2022,Pet Food,11291.48
DSF,6,2023,Pet Food,12120.71
DSF,7,2021,Pet Food,9608.3
DSF,7,2022,Pet Food,9807.2
DSF,7,2023,Pet Food,10857.7
DSF,8,2021,Pet Food,5403.61
DSF,8,2022,Pet Food,11095.11
DSF,8,2023,Pet Food,7135.9
DSF,9,2021,Pet Food,7575.71
DSF,9,2022,Pet Food,11529.2
DSF,9,2023,Pet Food,9159.51
DSF,10,2021,Pet Food,8280.88
DSF,10,2022,Pet Food,9783.74
DSF,10,2023,Pet Food,7973.95
DSF,11,2021,Pet Food,10178.59
DSF,11,2022,Pet Food,12377.12
DSF,11,2023,Pet Food,10126.960000000001
DSF,12,2021,Pet Food,9945.06
DSF,12,2022,Pet Food,12121.94
DSF,12,2023,Pet Food,8767.79
ELE,1,2022,Grocery Items,11570.98
ELE,1,2023,Grocery Items,13196.29
ELE,1,2024,Grocery Items,9904.8
ELE,2,2021,Grocery Items,6486.12
ELE,2,2022,Grocery Items,9556.18
ELE,2,2023,Grocery Items,18738.96
ELE,3,2021,Grocery Items,4866.42
ELE,3,2022,Grocery Items,11430.05
ELE,3,2023,Grocery Items,9816.27
ELE,4,2021,Grocery Items,4351.94
ELE,4,2022,Grocery Items,12500.53
ELE,4,2023,Grocery Items,10928.95
ELE,5,2021,Grocery Items,7274.53
ELE,5,2022,Grocery Items,11631.16
ELE,5,2023,Grocery Items,11556.51
ELE,6,2021,Grocery Items,6701.75
ELE,6,2022,Grocery Items,10408.03
ELE,6,2023,Grocery Items,11462.96
ELE,7,2021,Grocery Items,7664.12
ELE,7,2022,Grocery Items,12631.12
ELE,7,2023,Grocery Items,10344.52
ELE,8,2021,Grocery Items,6572.59
ELE,8,2022,Grocery Items,14590.77
ELE,8,2023,Grocery Items,11641.29
ELE,9,2021,Grocery Items,7446.5
ELE,9,2022,Grocery Items,13174.16
ELE,9,2023,Grocery Items,7547.33
ELE,10,2021,Grocery Items,9853.65
ELE,10,2022,Grocery Items,13061.11
ELE,10,2023,Grocery Items,11722.35
ELE,11,2021,Grocery Items,9138.1
ELE,11,2022,Grocery Items,13158.99
ELE,11,2023,Grocery Items,5684.06
ELE,12,2021,Grocery Items,10115.01
ELE,12,2022,Grocery Items,10905.17
ELE,12,2023,Grocery Items,9363.1
ENT,1,2022,Streaming Services,12454.94
ENT,1,2023,Streaming Services,13269.28
ENT,1,2024,Streaming Services,6676.44
ENT,2,2021,Streaming Services,6118.4
ENT,2,2022,Streaming Services,10220.41
ENT,2,2023,Streaming Services,8832.5
ENT,3,2021,Streaming Services,7940.08
ENT,3,2022,Streaming Services,9346.89
ENT,3,2023,Streaming Services,9821.01
ENT,4,2021,Streaming Services,7477.58
ENT,4,2022,Streaming Services,12264.99
ENT,4,2023,Streaming Services,9827.25
ENT,5,2021,Streaming Services,8012.1
ENT,5,2022,Streaming Services,9920.17
ENT,5,2023,Streaming Services,12415.25
ENT,6,2021,Streaming Services,6000.36
ENT,6,2022,Streaming Services,8844.85
ENT,6,2023,Streaming Services,11335.18
ENT,7,2021,Streaming Services,7689.02
ENT,7,2022,Streaming Services,9565.98
ENT,7,2023,Streaming Services,5838.71
ENT,8,2021,Streaming Services,7263.18
ENT,8,2022,Streaming Services,10622.11
ENT,8,2023,Streaming Services,8601.56
ENT,9,2021,Streaming Services,8091.95
ENT,9,2022,Streaming Services,8955.0
ENT,9,2023,Streaming Services,7705.6
ENT,10,2021,Streaming Services,8823.27
ENT,10,2022,Streaming Services,10373.66
ENT,10,2023,Streaming Services,6683.28
ENT,11,2021,Streaming Services,9649.04
ENT,11,2022,Streaming Services,8974.34
ENT,11,2023,Streaming Services,8909.18
ENT,12,2021,Streaming Services,13226.92
ENT,12,2022,Streaming Services,10720.07
ENT,12,2023,Streaming Services,7398.97
FR,1,2022,Home Decor,69264.23
FR,1,2023,Home Decor,71538.62
FR,1,2024,Home Decor,63802.77
FR,2,2021,Home Decor,27253.19
FR,2,2022,Home Decor,48729.35
FR,2,2023,Home Decor,63598.4
FR,3,2021,Home Decor,36568.51
FR,3,2022,Home Decor,65563.22
FR,3,2023,Home Decor,83280.78
FR,4,2021,Home Decor,46620.76
FR,4,2022,Home Decor,61766.659999999996
FR,4,2023,Home Decor,70984.06999999999
FR,5,2021,Home Decor,41028.0
FR,5,2022,Home Decor,71414.8
FR,5,2023,Home Decor,81012.05
FR,6,2021,Home Decor,45824.52
FR,6,2022,Home Decor,65242.729999999996
FR,6,2023,Home Decor,76771.58
FR,7,2021,Home Decor,39970.54
FR,7,2022,Home Decor,67098.18
FR,7,2023,Home Decor,76756.1
FR,8,2021,Home Decor,48202.18
FR,8,2022,Home Decor,83123.73
FR,8,2023,Home Decor,76445.13
FR,9,2021,Home Decor,48758.12
FR,9,2022,Home Decor,68532.73999999999
FR,9,2023,Home Decor,71001.74
FR,10,2021,Home Decor,46030.61
FR,10,2022,Home Decor,71752.88
FR,10,2023,Home Decor,68625.78
FR,11,2021,Home Decor,55250.25
FR,11,2022,Home Decor,72840.37
FR,11,2023,Home Decor,71264.66
FR,12,2021,Home Decor,64038.86
FR,12,2022,Home Decor,87404.36
FR,12,2023,Home Decor,63868.95
FXA,1,2022,Marine Supplies,12839.39
FXA,1,2023,Marine Supplies,15625.01
FXA,1,2024,Marine Supplies,13568.42
FXA,2,2021,Marine Supplies,5377.03
FXA,2,2022,Marine Supplies,17503.25
FXA,2,2023,Marine Supplies,14692.04
FXA,3,2021,Marine Supplies,4982.45
FXA,3,2022,Marine Supplies,14493.38
FXA,3,2023,Marine Supplies,13251.87
FXA,4,2021,Marine Supplies,4057.55
FXA,4,2022,Marine Supplies,13947.89
FXA,4,2023,Marine Supplies,12471.96
FXA,5,2021,Marine Supplies,4204.0
FXA,5,2022,Marine Supplies,16252.36
FXA,5,2023,Marine Supplies,16141.28
FXA,6,2021,Marine Supplies,7264.3
FXA,6,2022,Marine Supplies,15588.97
FXA,6,2023,Marine Supplies,14221.94
FXA,7,2021,Marine Supplies,9951.67
FXA,7,2022,Marine Supplies,21685.24
FXA,7,2023,Marine Supplies,11454.09
FXA,8,2021,Marine Supplies,7652.5
FXA,8,2022,Marine Supplies,15030.5
FXA,8,2023,Marine Supplies,15067.84
FXA,9,2021,Marine Supplies,9119.0
FXA,9,2022,Marine Supplies,13987.09
FXA,9,2023,Marine Supplies,16216.61
FXA,10,2021,Marine Supplies,6786.9
FXA,10,2022,Marine Supplies,16406.1
FXA,10,2023,Marine Supplies,16514.22
FXA,11,2021,Marine Supplies,10871.68
FXA,11,2022,Marine Supplies,15157.81
FXA,11,2023,Marine Supplies,13374.84
FXA,12,2021,Marine Supplies,10240.21
FXA,12,2022,Marine Supplies,14154.99
FXA,12,2023,Marine Supplies,13192.03
HBE,1,2022,Video Games,15945.39
HBE,1,2023,Video Games,12135.11
HBE,1,2024,Video Games,9360.130000000001
HBE,2,2021,Video Games,11344.15
HBE,2,2022,Video Games,15065.77
HBE,2,2023,Video Games,10320.29
HBE,3,2021,Video Games,13725.49
HBE,3,2022,Video Games,14613.95
HBE,3,2023,Video Games,11891.31
HBE,4,2021,Video Games,13155.58
HBE,4,2022,Video Games,12904.35
HBE,4,2023,Video Games,11256.26
HBE,5,2021,Video Games,15682.99
HBE,5,2022,Video Games,15576.62
HBE,5,2023,Video Games,11515.26
HBE,6,2021,Video Games,12729.7
HBE,6,2022,Video Games,12610.43
HBE,6,2023,Video Games,11302.87
HBE,7,2021,Video Games,16623.07
HBE,7,2022,Video Games,13075.97
HBE,7,2023,Video Games,11591.14
HBE,8,2021,Video Games,15844.44
HBE,8,2022,Video Games,16043.81
HBE,8,2023,Video Games,11881.14
HBE,9,2021,Video Games,17027.88
HBE,9,2022,Video Games,13880.15
HBE,9,2023,Video Games,10560.64
HBE,10,2021,Video Games,16106.57
HBE,10,2022,Video Games,11886.29
HBE,10,2023,Video Games,9802.91
HBE,11,2021,Video Games,15167.56
HBE,11,2022,Video Games,12563.06
HBE,11,2023,Video Games,10851.54
HBE,12,2021,Video Games,15064.85
HBE,12,2022,Video Games,13453.97
HBE,12,2023,Video Games,10294.51
MCAT,1,2022,Tires and Wheels,8980.65
MCAT,1,2023,Tires and Wheels,19408.91
MCAT,1,2024,Tires and Wheels,14715.15
MCAT,2,2021,Tires and Wheels,2676.6
MCAT,2,2022,Tires and Wheels,10086.43
MCAT,2,2023,Tires and Wheels,13925.56
MCAT,3,2021,Tires and Wheels,2256.6
MCAT,3,2022,Tires and Wheels,13045.26
MCAT,3,2023,Tires and Wheels,17526.08
MCAT,4,2021,Tires and Wheels,3841.21
MCAT,4,2022,Tires and Wheels,14753.48
MCAT,4,2023,Tires and Wheels,19359.11
MCAT,5,2021,Tires and Wheels,6714.85
MCAT,5,2022,Tires and Wheels,15480.78
MCAT,5,2023,Tires and Wheels,17839.5
MCAT,6,2021,Tires and Wheels,7706.360000000001
MCAT,6,2022,Tires and Wheels,14507.25
MCAT,6,2023,Tires and Wheels,20295.72
MCAT,7,2021,Tires and Wheels,7773.09
MCAT,7,2022,Tires and Wheels,17026.45
MCAT,7,2023,Tires and Wheels,19166.27
MCAT,8,2021,Tires and Wheels,9448.460000000001
MCAT,8,2022,Tires and Wheels,20218.97
MCAT,8,2023,Tires and Wheels,20366.59
MCAT,9,2021,Tires and Wheels,9424.52
MCAT,9,2022,Tires and Wheels,13712.82
MCAT,9,2023,Tires and Wheels,16625.08
MCAT,10,2021,Tires and Wheels,11484.93
MCAT,10,2022,Tires and Wheels,20207.260000000002
MCAT,10,2023,Tires and Wheels,19300.05
MCAT,11,2021,Tires and Wheels,12707.52
MCAT,11,2022,Tires and Wheels,20329.18
MCAT,11,2023,Tires and Wheels,15467.31
MCAT,12,2021,Tires and Wheels,8935.07
MCAT,12,2022,Tires and Wheels,16424.22
MCAT,12,2023,Tires and Wheels,13417.97
MCT,1,2022,Sports Equipment,10244.09
MCT,1,2023,Sports Equipment,15616.73
MCT,1,2024,Sports Equipment,16021.35
MCT,2,2021,Sports Equipment,3394.25
MCT,2,2022,Sports Equipment,8364.53
MCT,2,2023,Sports Equipment,11896.49
MCT,3,2021,Sports Equipment,6611.08
MCT,3,2022,Sports Equipment,11715.48
MCT,3,2023,Sports Equipment,15574.44
MCT,4,2021,Sports Equipment,4665.54
MCT,4,2022,Sports Equipment,12181.57
MCT,4,2023,Sports Equipment,14898.8
MCT,5,2021,Sports Equipment,7783.8
MCT,5,2022,Sports Equipment,11475.53
MCT,5,2023,Sports Equipment,17096.72
MCT,6,2021,Sports Equipment,7378.95
MCT,6,2022,Sports Equipment,12261.94
MCT,6,2023,Sports Equipment,11297.5
MCT,7,2021,Sports Equipment,8892.18
MCT,7,2022,Sports Equipment,11275.35
MCT,7,2023,Sports Equipment,15269.06
MCT,8,2021,Sports Equipment,7942.32
MCT,8,2022,Sports Equipment,17889.12
MCT,8,2023,Sports Equipment,15139.23
MCT,9,2021,Sports Equipment,13018.66
MCT,9,2022,Sports Equipment,15723.05
MCT,9,2023,Sports Equipment,13233.3
MCT,10,2021,Sports Equipment,7776.26
MCT,10,2022,Sports Equipment,16986.89
MCT,10,2023,Sports Equipment,12328.19
MCT,11,2021,Sports Equipment,10677.07
MCT,11,2022,Sports Equipment,16411.32
MCT,11,2023,Sports Equipment,14988.66
MCT,12,2021,Sports Equipment,10653.68
MCT,12,2022,Sports Equipment,16761.66
MCT,12,2023,Sports Equipment,18622.29
MGP,1,2022,Home Appliances,12038.5
MGP,1,2023,Home Appliances,14711.72
MGP,1,2024,Home Appliances,7242.0
MGP,2,2021,Home Appliances,2372.35
MGP,2,2022,Home Appliances,14402.4
MGP,2,2023,Home Appliances,5040.0
MGP,3,2021,Home Appliances,4181.05
MGP,3,2022,Home Appliances,10545.0
MGP,3,2023,Home Appliances,9046.87
MGP,4,2021,Home Appliances,2804.0
MGP,4,2022,Home Appliances,12846.0
MGP,4,2023,Home Appliances,9803.61
MGP,5,2021,Home Appliances,5247.25
MGP,5,2022,Home Appliances,9045.53
MGP,5,2023,Home Appliances,8013.56
MGP,6,2021,Home Appliances,6531.9
MGP,6,2022,Home Appliances,5801.05
MGP,6,2023,Home Appliances,11136.05
MGP,7,2021,Home Appliances,10756.29
MGP,7,2022,Home Appliances,12481.2
MGP,7,2023,Home Appliances,11735.34
MGP,8,2021,Home Appliances,14937.0
MGP,8,2022,Home Appliances,9386.9
MGP,8,2023,Home Appliances,9121.039999999999
MGP,9,2021,Home Appliances,7862.5
MGP,9,2022,Home Appliances,17855.58
MGP,9,2023,Home Appliances,14228.89
MGP,10,2021,Home Appliances,12465.05
MGP,10,2022,Home Appliances,9009.1
MGP,10,2023,Home Appliances,11581.18
MGP,11,2021,Home Appliances,16626.5
MGP,11,2022,Home Appliances,10197.5
MGP,11,2023,Home Appliances,5164.09
MGP,12,2021,Home Appliances,21319.5
MGP,12,2022,Home Appliances,14418.6
MGP,12,2023,Home Appliances,7025.1
MMS,1,2022,Home Appliances,10612.0
MMS,1,2023,Home Appliances,11338.0
MMS,1,2024,Home Appliances,13679.9
MMS,2,2021,Home Appliances,5158.55
MMS,2,2022,Home Appliances,22134.0
MMS,2,2023,Home Appliances,12945.0
MMS,3,2021,Home Appliances,7115.29
MMS,3,2022,Home Appliances,17666.19
MMS,3,2023,Home Appliances,12979.23
MMS,4,2021,Home Appliances,5556.0
MMS,4,2022,Home Appliances,22629.3
MMS,4,2023,Home Appliances,6808.0
MMS,5,2021,Home Appliances,11891.45
MMS,5,2022,Home Appliances,25143.95
MMS,5,2023,Home Appliances,22831.0
MMS,6,2021,Home Appliances,13922.0
MMS,6,2022,Home Appliances,14204.0
MMS,6,2023,Home Appliances,10621.0
MMS,7,2021,Home Appliances,8208.0
MMS,7,2022,Home Appliances,13736.0
MMS,7,2023,Home Appliances,7525.0
MMS,8,2021,Home Appliances,12075.05
MMS,8,2022,Home Appliances,10987.15
MMS,8,2023,Home Appliances,13053.0
MMS,9,2021,Home Appliances,12868.0
MMS,9,2022,Home Appliances,13564.0
MMS,9,2023,Home Appliances,15127.9
MMS,10,2021,Home Appliances,15178.2
MMS,10,2022,Home Appliances,25847.9
MMS,10,2023,Home Appliances,8928.15
MMS,11,2021,Home Appliances,18575.8
MMS,11,2022,Home Appliances,17666.0
MMS,11,2023,Home Appliances,14903.15
MMS,12,2021,Home Appliances,10990.0
MMS,12,2022,Home Appliances,12012.0
MMS,12,2023,Home Appliances,13422.36
MSH,1,2022,Personal Care,48367.39
MSH,1,2023,Personal Care,61935.42
MSH,1,2024,Personal Care,44523.6
MSH,2,2021,Personal Care,40506.65
MSH,2,2022,Personal Care,49793.56
MSH,2,2023,Personal Care,50531.049999999996
MSH,3,2021,Personal Care,51500.26
MSH,3,2022,Personal Care,55605.29
MSH,3,2023,Personal Care,66202.70999999999
MSH,4,2021,Personal Care,53837.25
MSH,4,2022,Personal Care,40879.11
MSH,4,2023,Personal Care,45897.35
MSH,5,2021,Personal Care,50086.25
MSH,5,2022,Personal Care,48627.939999999995
MSH,5,2023,Personal Care,64661.479999999996
MSH,6,2021,Personal Care,60166.31
MSH,6,2022,Personal Care,38590.49
MSH,6,2023,Personal Care,49435.17
MSH,7,2021,Personal Care,62239.009999999995
MSH,7,2022,Personal Care,66686.97
MSH,7,2023,Personal Care,43429.02
MSH,8,2021,Personal Care,60058.719999999994
MSH,8,2022,Personal Care,66314.48
MSH,8,2023,Personal Care,45902.68
MSH,9,2021,Personal Care,55760.24
MSH,9,2022,Personal Care,58816.86
MSH,9,2023,Personal Care,43183.56
MSH,10,2021,Personal Care,51207.07
MSH,10,2022,Personal Care,77400.55
MSH,10,2023,Personal Care,50550.74
MSH,11,2021,Personal Care,44740.88
MSH,11,2022,Personal Care,50976.049999999996
MSH,11,2023,Personal Care,42039.78
MSH,12,2021,Personal Care,87046.45
MSH,12,2022,Personal Care,104303.66
MSH,12,2023,Personal Care,90866.05
OJP,1,2022,Hardware,15598.01
OJP,1,2023,Hardware,37785.77
OJP,1,2024,Hardware,26367.79
OJP,2,2021,Hardware,6310.18
OJP,2,2022,Hardware,21786.95
OJP,2,2023,Hardware,25500.77
OJP,3,2021,Hardware,7991.23
OJP,3,2022,Hardware,21133.39
OJP,3,2023,Hardware,32630.4
OJP,4,2021,Hardware,10743.7
OJP,4,2022,Hardware,24140.81
OJP,4,2023,Hardware,31751.57
OJP,5,2021,Hardware,14912.85
OJP,5,2022,Hardware,18016.56
OJP,5,2023,Hardware,29316.72
OJP,6,2021,Hardware,17645.6
OJP,6,2022,Hardware,16455.15
OJP,6,2023,Hardware,22519.38
OJP,7,2021,Hardware,16877.31
OJP,7,2022,Hardware,21481.41
OJP,7,2023,Hardware,27064.38
OJP,8,2021,Hardware,16886.8
OJP,8,2022,Hardware,27735.71
OJP,8,2023,Hardware,37006.68
OJP,9,2021,Hardware,22383.18
OJP,9,2022,Hardware,26550.83
OJP,9,2023,Hardware,26200.84
OJP,10,2021,Hardware,23695.53
OJP,10,2022,Hardware,27759.03
OJP,10,2023,Hardware,20004.1
OJP,11,2021,Hardware,18553.5
OJP,11,2022,Hardware,28332.11
OJP,11,2023,Hardware,30592.39
OJP,12,2021,Hardware,20263.96
OJP,12,2022,Hardware,29213.04
OJP,12,2023,Hardware,32021.75
OPP,1,2022,Necklaces,12683.66
OPP,1,2023,Necklaces,22633.04
OPP,1,2024,Necklaces,13868.27
OPP,2,2021,Necklaces,9673.17
OPP,2,2022,Necklaces,17777.44
OPP,2,2023,Necklaces,23516.79
OPP,3,2021,Necklaces,8244.04
OPP,3,2022,Necklaces,15776.11
OPP,3,2023,Necklaces,26995.82
OPP,4,2021,Necklaces,13986.58
OPP,4,2022,Necklaces,21265.25
OPP,4,2023,Necklaces,23226.59
OPP,5,2021,Necklaces,11002.07
OPP,5,2022,Necklaces,17821.41
OPP,5,2023,Necklaces,19849.14
OPP,6,2021,Necklaces,15298.85
OPP,6,2022,Necklaces,16734.5
OPP,6,2023,Necklaces,18858.78
OPP,7,2021,Necklaces,12098.3
OPP,7,2022,Necklaces,18491.51
OPP,7,2023,Necklaces,21197.71
OPP,8,2021,Necklaces,12423.82
OPP,8,2022,Necklaces,26434.95
OPP,8,2023,Necklaces,26618.62
OPP,9,2021,Necklaces,11828.15
OPP,9,2022,Necklaces,21741.24
OPP,9,2023,Necklaces,19604.79
OPP,10,2021,Necklaces,15772.69
OPP,10,2022,Necklaces,21348.28
OPP,10,2023,Necklaces,17411.64
OPP,11,2021,Necklaces,14816.53
OPP,11,2022,Necklaces,16045.4
OPP,11,2023,Necklaces,12028.17
OPP,12,2021,Necklaces,12119.42
OPP,12,2022,Necklaces,19504.34
OPP,12,2023,Necklaces,14345.22
OTMO,1,2022,Software,9257.4
OTMO,1,2023,Software,12297.39
OTMO,1,2024,Software,8596.12
OTMO,2,2021,Software,7849.37
OTMO,2,2022,Software,8373.4
OTMO,2,2023,Software,16241.58
OTMO,3,2021,Software,5847.3
OTMO,3,2022,Software,8569.37
OTMO,3,2023,Software,11102.05
OTMO,4,2021,Software,6431.8
OTMO,4,2022,Software,12457.59
OTMO,4,2023,Software,12682.73
OTMO,5,2021,Software,10761.04
OTMO,5,2022,Software,10507.41
OTMO,5,2023,Software,13987.44
OTMO,6,2021,Software,10669.51
OTMO,6,2022,Software,12626.29
OTMO,6,2023,Software,10845.7
OTMO,7,2021,Software,14694.4
OTMO,7,2022,Software,10020.7
OTMO,7,2023,Software,12223.2
OTMO,8,2021,Software,10280.11
OTMO,8,2022,Software,17602.2
OTMO,8,2023,Software,14682.17
OTMO,9,2021,Software,10279.86
OTMO,9,2022,Software,10912.17
OTMO,9,2023,Software,10786.15
OTMO,10,2021,Software,11237.39
OTMO,10,2022,Software,12601.72
OTMO,10,2023,Software,10019.06
OTMO,11,2021,Software,10240.1
OTMO,11,2022,Software,15061.8
OTMO,11,2023,Software,14614.91
OTMO,12,2021,Software,9392.68
OTMO,12,2022,Software,11507.43
OTMO,12,2023,Software,8094.66
ROHO,1,2022,Plants and Flowers,16452.85
ROHO,1,2023,Plants and Flowers,15141.16
ROHO,1,2024,Plants and Flowers,9960.0
ROHO,2,2021,Plants and Flowers,4126.0
ROHO,2,2022,Plants and Flowers,13925.02
ROHO,2,2023,Plants and Flowers,28412.89
ROHO,3,2021,Plants and Flowers,5911.37
ROHO,3,2022,Plants and Flowers,14155.81
ROHO,3,2023,Plants and Flowers,13390.7
ROHO,4,2021,Plants and Flowers,4793.0
ROHO,4,2022,Plants and Flowers,8895.0
ROHO,4,2023,Plants and Flowers,15851.59
ROHO,5,2021,Plants and Flowers,2358.0
ROHO,5,2022,Plants and Flowers,7574.0
ROHO,5,2023,Plants and Flowers,12951.51
ROHO,6,2021,Plants and Flowers,2990.0
ROHO,6,2022,Plants and Flowers,10259.45
ROHO,6,2023,Plants and Flowers,8735.81
ROHO,7,2021,Plants and Flowers,8518.0
ROHO,7,2022,Plants and Flowers,9565.0
ROHO,7,2023,Plants and Flowers,14179.02
ROHO,8,2021,Plants and Flowers,10134.85
ROHO,8,2022,Plants and Flowers,16382.17
ROHO,8,2023,Plants and Flowers,10238.5
ROHO,9,2021,Plants and Flowers,8976.7
ROHO,9,2022,Plants and Flowers,17437.0
ROHO,9,2023,Plants and Flowers,15358.29
ROHO,10,2021,Plants and Flowers,11138.85
ROHO,10,2022,Plants and Flowers,11522.21
ROHO,10,2023,Plants and Flowers,13777.15
ROHO,11,2021,Plants and Flowers,15868.01
ROHO,11,2022,Plants and Flowers,14860.7
ROHO,11,2023,Plants and Flowers,7373.16
ROHO,12,2021,Plants and Flowers,13265.85
ROHO,12,2022,Plants and Flowers,21544.89
ROHO,12,2023,Plants and Flowers,15936.34
SCF,1,2022,Building Materials,14003.97
SCF,1,2023,Building Materials,23662.870000000003
SCF,1,2024,Building Materials,11116.24
SCF,2,2021,Building Materials,12610.11
SCF,2,2022,Building Materials,14781.81
SCF,2,2023,Building Materials,13534.24
SCF,3,2021,Building Materials,11694.64
SCF,3,2022,Building Materials,14237.69
SCF,3,2023,Building Materials,24249.74
SCF,4,2021,Building Materials,11685.25
SCF,4,2022,Building Materials,13344.2
SCF,4,2023,Building Materials,14383.23
SCF,5,2021,Building Materials,12698.9
SCF,5,2022,Building Materials,17606.7
SCF,5,2023,Building Materials,15775.78
SCF,6,2021,Building Materials,6866.46
SCF,6,2022,Building Materials,10113.050000000001
SCF,6,2023,Building Materials,10798.42
SCF,7,2021,Building Materials,12332.63
SCF,7,2022,Building Materials,10826.94
SCF,7,2023,Building Materials,12094.58
SCF,8,2021,Building Materials,12476.02
SCF,8,2022,Building Materials,15393.9
SCF,8,2023,Building Materials,10522.710000000001
SCF,9,2021,Building Materials,8478.1
SCF,9,2022,Building Materials,12854.61
SCF,9,2023,Building Materials,13273.29
SCF,10,2021,Building Materials,10199.94
SCF,10,2022,Building Materials,15406.19
SCF,10,2023,Building Materials,9026.67
SCF,11,2021,Building Materials,14665.48
SCF,11,2022,Building Materials,12679.06
SCF,11,2023,Building Materials,14417.49
SCF,12,2021,Building Materials,21759.79
SCF,12,2022,Building Materials,28734.98
SCF,12,2023,Building Materials,25485.170000000002
